"Index","Open","High","Low","Close","Volume"
1970-01-02,463.5,463.5,448.5,449.4,2232
1970-01-03,448.2,465.6,447,462.9,2247
1970-01-04,460.5,467.7,457.8,467.4,1377
1970-01-05,474.6,483,474,481.2,1992
1970-01-06,481.5,486.6,478.5,485.7,1569
1970-01-07,485.7,487.5,474,480.9,1182
1970-01-08,477,481.5,475.5,479.4,633
1970-01-09,474,478.8,471.6,478.2,750
1970-01-10,478.2,489,475.8,488.1,1155
1970-01-11,489,492.3,488.4,492,648
1970-01-12,497.4,499.5,492.3,499.2,4686
1970-01-13,484.2,487.2,484.2,484.2,4188
1970-01-14,482.1,482.4,469.5,469.5,10356
1970-01-15,465.3,472.5,463.5,464.4,5718
1970-01-16,471,472.8,466.5,466.8,5208
1970-01-17,467.4,470.4,463.2,468.9,4215
1970-01-18,472.5,483.9,471.6,481.2,7080
1970-01-19,481.5,482.1,476.1,479.7,3624
1970-01-20,476.7,480,466.5,467.1,5700
1970-01-21,459,467.1,459,462.6,5301
1970-01-22,467.1,470.7,464.4,466.5,5127
1970-01-23,463.5,465.9,457.8,461.1,5616
1970-01-24,456,456,449.4,452.1,4953
1970-01-25,446.4,454.8,446.1,451.5,4032
1970-01-26,454.8,459.3,453,456.3,2760
1970-01-27,457.5,462.9,453.9,454.2,4842
1970-01-28,456,459.9,450.6,450.9,3597
1970-01-29,447.9,453,441.6,450,4938
1970-01-30,456,456,438.9,440.7,5862
1970-01-31,439.5,444.6,437.1,438.9,2649
1970-02-01,441.9,447.3,441.9,446.1,2826
1970-02-02,452.4,455.1,448.8,450.3,3705
1970-02-03,445.8,449.7,445.8,448.2,2433
1970-02-04,454.2,456.6,450.9,455.7,2382
1970-02-05,453,453,445.5,447.3,3414
1970-02-06,439.5,442.2,432.3,432.3,5415
1970-02-07,433.8,433.8,420.6,423.6,4956
1970-02-08,421.5,428.4,415.5,427.5,3420
1970-02-09,428.1,433.8,417.6,418.2,3393
1970-02-10,420,424.5,413.7,416.4,3717
1970-02-11,416.4,420.9,411.6,412.2,2502
1970-02-12,412.8,416.7,397.5,397.8,2079
1970-02-13,402,405.9,375.9,379.2,2733
1970-02-14,382.2,386.1,369.3,382.5,2730
1970-02-15,387,387,375.9,376.2,1194
1970-02-16,372,384,369.3,383.7,1113
1970-02-17,391.5,394.5,384,385.8,1374
1970-02-18,385.8,397.2,384,396.3,735
1970-02-19,394.5,400.5,393.6,397.2,783
1970-02-20,395.7,407.7,395.7,406.5,612
1970-02-21,403.8,408.9,390.6,390.6,537
1970-02-22,390.6,390.6,372,375.9,738
1970-02-23,394.5,395.7,385.2,385.2,4833
1970-02-24,385.8,390.9,372.3,387,7779
1970-02-25,390,395.1,377.4,383.4,6333
1970-02-26,384.3,392.7,379.2,387.6,5517
1970-02-27,384.6,385.5,378,378.6,2994
1970-02-28,376.8,383.4,373.8,381.9,2979
1970-03-01,385.5,386.1,367.5,368.1,4761
1970-03-02,367.5,374.4,363.3,370.2,4278
1970-03-03,372,378,371.1,377.7,3882
1970-03-04,381.9,381.9,372.3,372.6,3123
1970-03-05,369.6,374.4,367.5,371.4,2259
1970-03-06,369,386.4,368.1,386.4,4257
1970-03-07,385.5,387,378.3,379.5,4740
1970-03-08,379.5,394.5,373.8,394.5,7512
1970-03-09,403.5,408,400.5,405.3,5298
1970-03-10,402,404.7,399.3,399.9,3477
1970-03-11,405.9,409.2,401.4,406.2,3891
1970-03-12,415.5,417.3,408.6,415.2,5346
1970-03-13,415.2,420,411,419.1,3570
1970-03-14,420,420,412.2,416.4,3237
1970-03-15,424.5,431.4,422.1,431.1,5658
1970-03-16,430.5,437.1,428.4,433.8,4290
1970-03-17,439.5,442.2,418.8,418.8,5157
1970-03-18,420,421.5,403.8,411.3,5865
1970-03-19,411.3,414.9,408,413.4,2259
1970-03-20,411,417.9,407.4,410.4,2586
1970-03-21,409.5,411.6,401.7,402.9,2760
1970-03-22,399,417.6,396.9,416.7,2205
1970-03-23,414,422.4,414,414.6,1785
1970-03-24,411.9,429,411.9,421.5,1770
1970-03-25,420.6,421.5,410.1,412.2,1293
1970-03-26,412.2,418.5,408.3,417.6,1548
1970-03-27,414.3,416.4,412.5,415.8,432
1970-03-28,417.3,427.5,417.3,425.1,918
1970-03-29,423,426.9,421.8,423,804
1970-03-30,425.4,432.6,425.4,430.5,498
1970-03-31,429.9,430.5,426,429.9,564
1970-04-01,432,442.2,432,442.2,525
1970-04-02,444.6,449.7,444.6,447.3,597
1970-04-03,445.5,445.5,439.8,441,372
1970-04-04,441,445.5,434.7,435.3,402
1970-04-05,435.6,447.6,435.6,446.1,474
1970-04-06,474,482.1,472.8,477.9,7794
1970-04-07,475.5,480.6,474.9,478.8,3984
1970-04-08,492,493.8,490.5,493.8,2817
1970-04-09,491.4,493.8,486.6,492.3,4542
1970-04-10,491.4,491.4,484.8,489.3,5217
1970-04-11,486.9,488.1,474.3,474.3,6075
1970-04-12,474.6,484.5,474.6,482.1,4695
1970-04-13,492,497.1,467.1,469.5,9756
1970-04-14,465,467.7,460.5,462.9,5295
1970-04-15,460.5,470.4,458.4,466.8,5544
1970-04-16,465,471.6,463.5,467.1,3654
1970-04-17,475.5,477,460.5,469.8,5535
1970-04-18,468,469.2,460.8,461.4,3447
1970-04-19,465,471.9,463.5,471.3,3264
1970-04-20,470.4,486.3,468.9,485.7,5934
1970-04-21,483,491.7,479.7,486.9,5130
1970-04-22,483.6,489,479.1,483,3048
1970-04-23,483,486.9,468,473.1,5625
1970-04-24,470.1,471.6,458.4,458.7,5949
1970-04-25,456,460.2,444.3,444.6,5775
1970-04-26,450.6,456.6,442.8,454.2,5964
1970-04-27,456,456,448.8,453.9,3045
1970-04-28,438.9,447,438.9,446.7,3930
1970-04-29,444,444.6,431.7,431.7,4161
1970-04-30,429,437.7,423.6,435.9,3570
1970-05-01,432.9,444,431.1,440.4,2184
1970-05-02,441.6,442.5,435.6,441.9,1371
1970-05-03,438.9,440.1,431.4,431.7,2253
1970-05-04,431.1,435.9,425.4,426.3,1815
1970-05-05,428.1,431.7,427.5,427.5,1107
1970-05-06,430.5,442.2,430.5,440.4,1620
1970-05-07,442.5,447,439.8,444,834
1970-05-08,444,444,429.9,432.6,1077
1970-05-09,435,439.2,432,434.7,840
1970-05-10,445.5,453,444,453,504
1970-05-11,453,459,453,454.8,1029
1970-05-12,457.5,465,457.5,462.9,876
1970-05-13,465,465,457.8,462.9,570
1970-05-14,462,463.5,459.9,461.1,975
1970-05-15,460.5,471,460.5,460.8,1134
1970-05-16,447.6,451.8,442.5,445.8,3672
1970-05-17,447,450,437.4,441,5766
1970-05-18,435.6,439.8,433.5,436.8,2946
1970-05-19,436.5,445.5,435.6,443.1,3057
1970-05-20,441,444.6,438.6,441.9,2418
1970-05-21,441,443.4,435.6,436.2,2469
1970-05-22,433.8,433.8,421.2,421.2,4962
1970-05-23,417.6,419.7,412.2,414.6,3804
1970-05-24,411.6,420.9,411.6,417.3,2181
1970-05-25,415.8,416.4,405.3,408.9,2832
1970-05-26,413.4,413.4,400.5,406.2,3084
1970-05-27,406.5,414.6,402.9,412.5,2325
1970-05-28,415.5,419.4,412.5,416.4,3441
1970-05-29,412.2,417.6,411.9,414,1632
1970-05-30,415.8,417,404.4,405.9,2151
1970-05-31,407.7,410.7,402.9,404.7,2307
1970-06-01,403.2,407.1,400.5,404.7,2304
1970-06-02,412.5,418.5,409.8,417.6,3345
1970-06-03,416.1,416.7,411,411.6,2268
1970-06-04,410.7,410.7,397.2,398.1,3138
1970-06-05,391.5,396.9,390.6,395.7,2664
1970-06-06,396.6,401.1,394.5,399.6,2151
1970-06-07,398.1,403.5,392.7,396,2709
1970-06-08,390,393,384.9,385.2,2703
1970-06-09,387.6,391.8,385.8,391.5,1863
1970-06-10,390,391.5,383.4,388.8,2286
1970-06-11,391.5,398.4,387.6,395.7,3426
1970-06-12,400.8,404.4,393,395.7,3426
1970-06-13,394.5,396.9,390.6,393.6,2553
1970-06-14,390,396.9,390,396.3,1329
1970-06-15,399.9,404.4,397.2,404.1,1911
1970-06-16,404.1,408,400.2,401.1,1449
1970-06-17,401.1,405.9,397.8,405.9,1440
1970-06-18,405,409.5,404.1,407.1,1176
1970-06-19,405,407.4,402,402.6,720
1970-06-20,405,412.8,404.7,411,867
1970-06-21,411,412.8,408.3,412.5,576
1970-06-22,408,419.4,408,417,912
1970-06-23,418.5,426,418.5,422.7,846
1970-06-24,424.8,426.6,422.1,423.3,798
1970-06-25,424.2,432,424.2,431.7,1017
1970-06-26,433.5,438.6,432.3,438.6,1062
1970-06-27,445.5,456,441,452.1,891
1970-06-28,415.5,419.7,411.9,419.4,4404
1970-06-29,419.4,419.4,412.8,415.5,2685
1970-06-30,415.5,415.5,408.9,410.1,3006
1970-07-01,409.5,410.7,406.2,408,2352
1970-07-02,408.6,414.6,408.6,414.3,2874
1970-07-03,417,429.3,417,424.5,5811
1970-07-04,421.5,429.9,417,429.3,3567
1970-07-05,427.5,433.5,426,427.5,3087
1970-07-06,428.1,428.1,418.5,421.5,3084
1970-07-07,421.2,423.9,416.7,418.5,2784
1970-07-08,418.2,425.4,411.9,418.8,4392
1970-07-09,419.4,423.6,417.6,418.2,2262
1970-07-10,415.5,416.7,412.5,413.1,1755
1970-07-11,406.5,409.5,404.7,405.3,4869
1970-07-12,404.1,407.7,401.7,406.8,2700
1970-07-13,405.3,410.7,404.7,408.9,1674
1970-07-14,408,410.7,405.6,406.2,1152
1970-07-15,407.1,410.1,405.3,407.7,1605
1970-07-16,405,405.9,401.1,401.7,2217
1970-07-17,403.5,417,403.5,416.7,3522
1970-07-18,417,419.1,414.3,418.2,2121
1970-07-19,413.4,415.2,410.7,414.3,1692
1970-07-20,415.8,418.2,411.3,411.3,1458
1970-07-21,411,411,407.4,410.7,996
1970-07-22,412.5,425.7,412.5,425.7,2226
1970-07-23,424.5,429,421.5,424.5,1794
1970-07-24,423.6,426.3,421.8,423.3,1044
1970-07-25,423.9,423.9,420.6,423.3,1206
1970-07-26,422.7,425.4,421.8,424.2,1035
1970-07-27,427.5,438.6,427.5,438,2013
1970-07-28,436.5,439.5,432.6,435.9,1392
1970-07-29,432.9,435,431.4,432.9,657
1970-07-30,429.9,435.9,429.3,435.9,516
1970-07-31,433.5,434.7,429.6,432,378
1970-08-01,435,437.1,430.5,431.1,597
1970-08-02,431.1,431.1,426,426.3,528
1970-08-03,423,423.9,420,420.9,645
1970-08-04,421.8,426,420.9,425.4,627
1970-08-05,423,427.2,423,426.9,303
1970-08-06,428.4,439.2,428.4,436.5,882
1970-08-07,434.4,436.5,432,435.9,459
1970-08-08,435.9,445.2,435,443.1,1143
1970-08-09,439.5,439.5,420.3,425.4,837
1970-08-10,442.5,445.5,441,444.3,1896
1970-08-11,446.1,447.6,430.8,431.1,7200
1970-08-12,432.3,432.3,426,430.5,4194
1970-08-13,432.6,435.6,426.3,426.6,2721
1970-08-14,427.8,435,427.8,434.7,1914
1970-08-15,435,436.8,431.4,435.9,1818
1970-08-16,437.4,438.9,434.7,438.6,1638
1970-08-17,439.2,446.1,436.8,444,3102
1970-08-18,444,444,435.6,438.9,2148
1970-08-19,436.2,437.4,431.4,434.4,2292
1970-08-20,432.9,440.1,432.9,436.5,2280
1970-08-21,439.5,440.4,434.7,437.7,1494
1970-08-22,440.4,451.5,439.5,450.6,5010
1970-08-23,446.1,454.5,446.1,449.7,2733
1970-08-24,452.1,459,451.8,456.9,2571
1970-08-25,459.6,459.6,451.8,453,2670
1970-08-26,451.5,457.2,450.6,452.1,2871
1970-08-27,452.1,456.9,450.9,455.7,2232
1970-08-28,458.4,461.1,456,458.1,2106
1970-08-29,458.1,462,454.5,460.2,1899
1970-08-30,457.5,457.5,451.5,451.8,2049
1970-08-31,444.6,447,436.8,436.8,3948
1970-09-01,437.4,442.5,435.9,440.7,2532
1970-09-02,442.2,446.7,442.2,446.1,1458
1970-09-03,441.6,444,441,443.7,558
1970-09-04,446.4,448.2,445.8,447.3,882
1970-09-05,448.2,449.1,440.7,441,825
1970-09-06,440.7,443.1,439.5,439.8,489
1970-09-07,441,443.1,439.8,441.6,669
1970-09-08,438,438,430.8,432.9,1977
1970-09-09,432.9,435.9,432.9,434.7,1497
1970-09-10,432,432.6,429.3,429.3,597
1970-09-11,433.2,441,430.5,440.7,561
1970-09-12,440.7,441.6,436.2,439.2,648
1970-09-13,436.5,438.9,433.5,438,672
1970-09-14,440.4,441,436.5,440.7,564
1970-09-15,439.5,440.1,435,436.2,447
1970-09-16,436.2,440.1,432,432,948
1970-09-17,436.5,436.5,407.4,432,657
1970-09-18,437.1,437.4,432,436.5,1662
1970-09-19,444.6,446.1,441.6,444,2421
1970-09-20,441,441.6,438.6,441,1296
1970-09-21,442.5,445.2,441,441.6,1614
1970-09-22,441,441,426.9,427.2,3645
1970-09-23,424.5,431.4,423,430.8,2514
1970-09-24,431.4,432.6,429.3,431.7,1476
1970-09-25,434.4,435.6,432.9,432.9,993
1970-09-26,432,432,423,427.8,2049
1970-09-27,429.6,431.7,424.5,426,1338
1970-09-28,423,426.6,417.3,418.2,3120
1970-09-29,421.5,424.8,419.7,424.2,1590
1970-09-30,423.6,427.5,421.2,427.2,1116
1970-10-01,427.2,429.6,412.2,412.5,3102
1970-10-02,416.4,416.4,409.8,410.4,2082
1970-10-03,411.9,415.5,410.4,414.6,1272
1970-10-04,412.2,419.4,412.2,418.2,1794
1970-10-05,418.2,421.2,414.6,420.9,1353
1970-10-06,420.9,425.4,417.6,424.2,2856
1970-10-07,423,425.1,420.3,421.8,1131
1970-10-08,420.6,436.2,418.8,435.9,4161
1970-10-09,435,437.1,432,434.4,2976
1970-10-10,435.9,442.8,433.8,437.4,2331
1970-10-11,442.5,448.2,440.7,447.9,2820
1970-10-12,448.2,451.8,446.1,451.2,2289
1970-10-13,454.5,466.2,454.5,464.7,3252
1970-10-14,462,475.5,462,474.3,1560
1970-10-15,471,471,463.5,464.4,1383
1970-10-16,463.5,463.5,458.1,459.6,885
1970-10-17,465,473.7,458.4,473.1,1662
1970-10-18,475.5,476.7,462.6,473.1,1032
1970-10-19,471,496.5,469.5,496.5,1071
1970-10-20,500.4,525,500.4,514.5,987
1970-10-21,505.5,522,502.5,519,747
1970-10-22,523.5,534,523.5,533.4,375
1970-10-23,531.9,538.5,531,538.5,471
1970-10-24,537,550.5,534,550.5,669
1970-10-25,549.9,556.5,532.8,534,498
1970-10-26,528,543,527.4,543,279
1970-10-27,540,566.7,540,566.7,384
1970-10-28,571.5,603,571.5,603,294
1970-10-29,565.5,570,559.2,568.8,3960
1970-10-30,568.8,572.1,553.8,554.1,4698
1970-10-31,552.6,552.9,547.5,550.5,4116
1970-11-01,554.1,565.5,553.5,565.5,2538
1970-11-02,579,580.5,573.9,580.5,3675
1970-11-03,586.5,591,571.5,575.4,4599
1970-11-04,573.9,573.9,560.4,560.4,4002
1970-11-05,557.4,568.5,545.4,545.4,6600
1970-11-06,557.4,557.4,534.6,536.7,5535
1970-11-07,543.9,551.7,539.4,551.7,3768
1970-11-08,559.2,563.4,547.5,556.2,5805
1970-11-09,550.5,570.9,549.9,567.9,4581
1970-11-10,570,570.6,556.8,562.2,3393
1970-11-11,562.8,567.6,550.5,554.1,3747
1970-11-12,552,567,550.5,565.8,2535
1970-11-13,577.5,580.8,573.3,580.8,3714
1970-11-14,586.8,589.5,571.5,582.9,4572
1970-11-15,579,581.7,567.9,567.9,3204
1970-11-16,561,561.3,552.9,552.9,2610
1970-11-17,546,563.4,546,555.9,4155
1970-11-18,550.5,553.5,540.9,541.5,3957
1970-11-19,542.1,552.9,526.5,526.5,4713
1970-11-20,525.3,525.6,516.6,525.3,4365
1970-11-21,520.5,533.4,520.5,529.8,2373
1970-11-22,529.8,538.5,519.3,520.5,2031
1970-11-23,516,521.4,510.9,512.7,2508
1970-11-24,508.5,518.7,507,517.5,2127
1970-11-25,520.5,532.5,516,525.3,1917
1970-11-26,528.9,532.2,517.5,519.9,1449
1970-11-27,519.9,533.4,515.4,533.1,1911
1970-11-28,536.1,537.9,527.4,536.1,1620
1970-11-29,535.2,539.1,529.5,532.2,1602
1970-11-30,532.2,533.4,528,528.6,666
1970-12-01,528,531.6,525.3,531,519
1970-12-02,535.5,545.7,535.5,545.7,825
1970-12-03,544.5,555,543,554.4,549
1970-12-04,548.4,561,548.4,559.2,675
1970-12-05,560.4,568.5,560.4,561.9,930
1970-12-06,558.6,558.6,550.5,552,474
1970-12-07,544.5,553.5,542.1,553.5,600
1970-12-08,553.5,558,544.5,545.4,387
1970-12-09,545.4,548.1,540.9,547.5,597
1970-12-10,547.5,547.5,538.8,541.8,1548
1970-12-11,536.1,540.6,522.9,522.9,6186
1970-12-12,524.4,525.9,507.9,507.9,6639
1970-12-13,503.4,522.3,502.8,522,6036
1970-12-14,517.5,519,507,507.3,3606
1970-12-15,507.3,513.9,499.5,500.1,5205
1970-12-16,510,513.3,498.3,512.1,5610
1970-12-17,519,524.7,516,524.4,3177
1970-12-18,522,523.8,514.5,515.7,3501
1970-12-19,512.4,513.6,502.8,507.6,3966
1970-12-20,501,512.4,501,506.1,3264
1970-12-21,507,508.5,491.1,491.4,6294
1970-12-22,491.4,493.8,481.5,485.4,6258
1970-12-23,488.4,489.3,470.4,470.4,6147
1970-12-24,471,485.4,465.3,484.8,4458
1970-12-25,485.1,489,479.4,485.1,2955
1970-12-26,483.6,487.2,470.1,474.6,3444
1970-12-27,475.5,480.6,468,476.1,2106
1970-12-28,472.5,481.5,470.1,479.7,2292
1970-12-29,481.5,492.9,475.5,486,3915
1970-12-30,492,501,492,501,3147
1970-12-31,513,516,512.1,516,1722
1971-01-01,516,519.9,501,508.8,3873
1971-01-02,510,518.4,502.2,517.8,2706
1971-01-03,516,532.8,514.2,532.8,3177
1971-01-04,540,544.2,531.9,538.5,3594
1971-01-05,528,528,523.5,523.5,1668
1971-01-06,513,521.1,510,513.3,2238
1971-01-07,512.1,514.8,499.5,499.8,1998
1971-01-08,498.6,508.8,493.8,499.5,2103
1971-01-09,498,504.6,489,492,1110
1971-01-10,492,495,481.5,483.9,972
1971-01-11,488.1,492,481.8,485.1,627
1971-01-12,485.1,499.2,485.1,498,486
1971-01-13,506.1,508.2,498,502.5,618
1971-01-14,495,496.8,492,492.3,369
1971-01-15,492.6,497.1,492.6,494.7,225
1971-01-16,498.6,499.2,495,496.5,312
1971-01-17,499.5,499.5,495.3,497.1,525
1971-01-18,495.6,497.4,486,486,747
1971-01-19,483.9,483.9,459.3,462.6,462
1971-01-20,460.5,466.2,453.6,454.5,5049
1971-01-21,453,467.4,452.1,465.6,3801
1971-01-22,459,459,453.6,455.7,2103
1971-01-23,454.5,463.5,454.5,461.4,1785
1971-01-24,459,462.6,446.4,447.9,4017
1971-01-25,453.9,462.9,452.1,462.9,3555
1971-01-26,475.5,477.9,468,473.7,4824
1971-01-27,474.6,479.4,463.8,465,3534
1971-01-28,453,455.1,450,450,2841
1971-01-29,448.5,457.2,445.8,457.2,2430
1971-01-30,461.1,461.7,454.5,459.6,2172
1971-01-31,460.5,469.5,458.1,468.6,2616
1971-02-01,466.8,477.6,466.8,473.1,2739
1971-02-02,473.1,488.1,469.5,488.1,3315
1971-02-03,493.5,500.1,489.3,498.9,3468
1971-02-04,502.5,503.7,489.9,492.3,4647
1971-02-05,499.8,506.4,499.5,502.8,2820
1971-02-06,504,505.8,493.8,497.7,3045
1971-02-07,494.1,494.1,482.7,482.7,3300
1971-02-08,479.7,490.8,479.7,490.8,1923
1971-02-09,487.8,501.9,487.8,497.4,2454
1971-02-10,501.6,504.6,489.9,495.3,3030
1971-02-11,496.5,502.5,494.4,496.8,1653
1971-02-12,495.6,511.8,495,511.8,2448
1971-02-13,510,520.5,508.5,517.8,3729
1971-02-14,516,518.7,506.4,509.7,2541
1971-02-15,511.5,524.7,511.5,524.1,3198
1971-02-16,522,528.6,517.8,521.4,2448
1971-02-17,517.5,535.8,514.5,535.5,2055
1971-02-18,537.9,541.2,527.4,534.6,3081
1971-02-19,534,549.6,532.5,549.6,2901
1971-02-20,553.2,564.6,551.4,558.9,2853
1971-02-21,564,565.5,552.9,556.5,1416
1971-02-22,555,571.5,552,564,912
1971-02-23,560.1,567.6,558,567.3,618
1971-02-24,567.9,596.4,567.9,595.8,1599
1971-02-25,597,610.5,585,591.9,1815
1971-02-26,607.5,607.5,585,592.5,831
1971-02-27,592.5,594.9,582.9,585,441
1971-02-28,585,591,576,582,573
1971-03-01,578.1,583.5,573.6,576,450
1971-03-02,577.5,594,577.5,593.7,345
1971-03-03,597,623.7,597,622.2,660
1971-03-04,526.5,542.7,526.5,541.5,4077
1971-03-05,540,552.6,536.4,541.2,5019
1971-03-06,538.2,540,526.2,526.2,3186
1971-03-07,517.5,518.1,511.2,511.2,4635
1971-03-08,509.4,516.9,496.2,502.5,8355
1971-03-09,504,508.5,499.5,505.2,3711
1971-03-10,504,506.4,490.2,490.2,5019
1971-03-11,489,497.4,487.5,497.1,4551
1971-03-12,498,509.1,492.6,502.8,3789
1971-03-13,499.2,507,498,504.3,2754
1971-03-14,508.5,517.5,503.1,517.2,3999
1971-03-15,520.5,520.5,502.2,502.2,3597
1971-03-16,495.6,501.9,489.3,498.3,3627
1971-03-17,508.5,508.5,499.5,504.6,2010
1971-03-18,505.5,518.7,504.9,508.2,3120
1971-03-19,511.5,511.5,496.5,503.7,1980
1971-03-20,505.2,518.4,505.2,517.8,2499
1971-03-21,508.8,510,502.8,502.8,891
1971-03-22,493.8,499.8,492.3,497.7,2556
1971-03-23,501.6,507.9,498.3,501,1701
1971-03-24,503.1,507,499.5,506.4,1017
1971-03-25,506.7,521.4,506.7,521.4,4410
1971-03-26,524.7,536.1,522,532.8,4263
1971-03-27,541.5,541.8,517.8,522.6,4110
1971-03-28,518.4,528.6,518.4,528.3,2535
1971-03-29,528.3,529.2,517.8,526.5,2607
1971-03-30,525.9,526.5,518.7,522,1884
1971-03-31,522,524.4,519,523.2,1638
1971-04-01,523.8,523.8,514.8,515.4,2109
1971-04-02,513.9,521.7,512.4,521.4,2151
1971-04-03,523.5,535.8,522.6,531.6,2442
1971-04-04,531.9,534.9,530.4,531,1089
1971-04-05,533.1,544.8,533.1,539.4,2637
1971-04-06,544.5,549.9,542.1,548.7,2004
1971-04-07,550.8,559.2,550.8,558.6,1491
1971-04-08,556.5,556.5,549.6,552.3,1071
1971-04-09,552.3,562.5,552,560.7,774
1971-04-10,562.5,583.2,562.5,579.3,1380
1971-04-11,582,584.4,568.5,573.6,1215
1971-04-12,574.8,582.6,571.2,581.4,723
1971-04-13,584.4,591,581.1,587.4,1011
1971-04-14,588,596.4,588,596.1,897
1971-04-15,595.5,597.9,580.8,595.8,1005
1971-04-16,595.5,605.4,570.9,577.2,822
1971-04-17,520.5,531,520.5,529.8,2406
1971-04-18,530.4,538.2,526.2,536.1,2709
1971-04-19,531.9,537,521.1,521.1,3582
1971-04-20,520.5,526.2,506.1,506.4,8559
1971-04-21,508.5,512.4,504.9,505.2,4209
1971-04-22,507,510.3,506.1,507.6,1953
1971-04-23,507.6,517.2,507.6,516.9,1968
1971-04-24,519,526.5,516.6,526.2,3354
1971-04-25,538.5,555.9,535.5,555.9,4473
1971-04-26,555,563.4,549.3,552,3363
1971-04-27,555.6,564.9,551.1,561.3,2868
1971-04-28,562.5,568.5,561.3,567.3,2511
1971-04-29,552.3,553.2,552.3,552.3,1134
1971-04-30,537.3,537.3,537.3,537.3,879
1971-05-01,524.4,529.8,523.5,523.8,4758
1971-05-02,525,527.1,515.1,516,3039
1971-05-03,517.5,523.5,513.9,522.6,3339
1971-05-04,521.7,524.4,518.4,519,1590
1971-05-05,518.4,519.9,513.3,516,1536
1971-05-06,510.9,517.2,501.9,502.5,4227
1971-05-07,502.5,509.1,502.2,504.9,2217
1971-05-08,507,510.9,505.5,509.7,1104
1971-05-09,507.6,514.2,507.6,511.2,1383
1971-05-10,511.2,513.6,511.2,512.4,765
1971-05-11,513.6,513.6,502.2,511.2,1845
1971-05-12,510,511.8,508.8,511.2,480
1971-05-13,509.4,509.4,502.5,506.7,927
1971-05-14,505.2,505.2,501.3,503.1,933
1971-05-15,513,513,498.3,501.3,1395
1971-05-16,521.4,528.9,520.8,527.4,1395
1971-05-17,529.8,532.5,528,531,1050
1971-05-18,534,557.7,534,551.4,1746
1971-05-19,551.4,560.1,547.5,554.1,999
1971-05-20,551.1,558,549,554.1,867
1971-05-21,552,570,552,569.1,1677
1971-05-22,568.2,576.3,564.6,564.9,711
1971-05-23,565.5,582,565.5,581.7,585
1971-05-24,585,598.8,584.4,597.9,915
1971-05-25,525.3,530.1,519,520.8,3255
1971-05-26,514.8,517.5,513.3,514.8,2772
1971-05-27,516.6,529.5,516.6,527.4,3606
1971-05-28,538.2,542.4,534,542.4,4020
1971-05-29,542.4,557.1,541.5,555,4923
1971-05-30,550.8,550.8,541.5,546.9,3864
1971-05-31,545.4,545.4,537.9,544.2,2598
1971-06-01,540,559.2,540,559.2,3033
1971-06-02,561.3,568.5,552.9,557.1,3675
1971-06-03,553.5,555.9,545.1,553.8,2946
1971-06-04,565.5,565.5,555.6,563.7,3744
1971-06-05,567,578.4,563.1,577.8,4284
1971-06-06,579.9,592.8,579,592.8,3741
1971-06-07,600,607.8,600,607.8,2109
1971-06-08,622.8,622.8,603,612.3,5199
1971-06-09,607.5,616.5,606.3,606.9,2466
1971-06-10,600,621.9,600,621.9,2799
1971-06-11,627,636.9,607.5,611.7,5121
1971-06-12,615,626.7,609,618,3465
1971-06-13,630,633,620.1,632.1,4104
1971-06-14,628.5,628.5,617.1,617.1,3444
1971-06-15,612,617.4,603.9,609,4119
1971-06-16,602.4,603,594,594,2835
1971-06-17,588,593.4,582.6,586.5,2955
1971-06-18,585.6,597,582,594.6,3642
1971-06-19,603,605.1,597.9,602.1,2250
1971-06-20,602.1,605.1,587.1,587.1,2229
1971-06-21,574.5,587.1,572.1,585.3,2661
1971-06-22,585,600.3,583.5,600.3,1971
1971-06-23,609,615,603.9,613.8,2316
1971-06-24,613.8,626.4,606.9,624,1440
1971-06-25,622.5,622.5,597,597,1710
1971-06-26,592.8,602.1,587.1,591.6,1296
1971-06-27,594,609.6,592.8,603.6,1779
1971-06-28,602.1,608.7,602.1,607.5,675
1971-06-29,606,609,603,604.8,732
1971-06-30,603.9,603.9,592.5,598.5,861
1971-07-01,597,610.5,597,603.9,945
1971-07-02,608.7,623.4,607.5,619.5,1548
1971-07-03,615.6,630.3,613.5,625.5,1515
1971-07-04,568.5,572.7,562.5,572.1,2415
1971-07-05,576,587.1,576,587.1,4386
1971-07-06,593.1,601.5,588.3,590.1,4770
1971-07-07,587.4,592.5,583.2,584.4,4158
1971-07-08,588,595.2,587.1,589.5,2337
1971-07-09,594,594,582,591.6,1785
1971-07-10,592.5,606.6,591.9,606.3,3870
1971-07-11,606,610.8,598.5,598.8,4362
1971-07-12,598.5,598.8,586.2,587.7,4659
1971-07-13,586.2,594,584.4,591.9,2778
1971-07-14,576.9,581.7,576.9,576.9,3843
1971-07-15,577.5,583.5,573.9,577.2,3126
1971-07-16,567,569.7,562.2,562.2,4425
1971-07-17,564,570,561,566.4,3465
1971-07-18,564,568.2,561.6,565.5,2049
1971-07-19,568.5,576,568.5,572.4,2547
1971-07-20,570,570,558,563.1,3720
1971-07-21,559.5,563.7,558.9,561.3,1881
1971-07-22,558.3,570.3,558.3,563.1,2637
1971-07-23,561,573,561,571.8,2973
1971-07-24,570,581.7,568.8,581.1,2910
1971-07-25,568.5,573.9,566.1,567,3564
1971-07-26,568.8,570.9,556.5,556.8,3486
1971-07-27,552.6,562.5,552.6,556.8,3600
1971-07-28,555,557.4,550.8,556.8,2793
1971-07-29,553.8,567.6,552,566.4,3252
1971-07-30,564.6,570.6,562.2,566.4,2583
1971-07-31,567.9,569.4,561,561.3,2163
1971-08-01,560.4,561,549.3,551.4,3678
1971-08-02,538.5,550.5,536.4,547.8,4617
1971-08-03,552,554.7,543.9,551.4,2100
1971-08-04,551.4,555.6,549.3,551.1,1125
1971-08-05,550.5,557.7,549,557.7,1134
1971-08-06,553.5,566.4,549.6,565.8,1560
1971-08-07,567,573.6,565.8,567.3,1122
1971-08-08,574.5,574.8,560.1,564,900
1971-08-09,562.8,562.8,557.7,558.6,693
1971-08-10,558.9,563.7,558.3,560.7,447
1971-08-11,563.4,574.5,562.2,573.9,1146
1971-08-12,579,581.1,574.5,578.4,765
1971-08-13,577.5,580.2,572.4,573,558
1971-08-14,574.8,579.3,567.6,573,801
1971-08-15,579,579,574.5,575.4,555
1971-08-16,575.4,575.4,561.6,563.1,885
1971-08-17,551.1,554.1,541.5,543.3,4932
1971-08-18,538.5,541.2,535.5,536.4,4176
1971-08-19,534,543.3,528.3,541.8,4314
1971-08-20,544.2,546,542.1,545.7,1839
1971-08-21,549,549,538.8,539.4,1974
1971-08-22,540.9,546.6,532.8,545.1,2607
1971-08-23,545.1,547.5,537.3,538.2,1785
1971-08-24,538.2,544.5,536.7,538.8,1812
1971-08-25,543,543,540,542.7,888
1971-08-26,542.7,556.5,542.7,556.2,4014
1971-08-27,553.5,554.7,548.4,549.6,2442
1971-08-28,556.5,562.5,554.1,559.8,2790
1971-08-29,560.4,563.7,556.8,563.1,2403
1971-08-30,563.7,566.4,561.3,563.7,1944
1971-08-31,556.5,564.3,553.5,564,3411
1971-09-01,565.5,566.4,555.9,557.4,2631
1971-09-02,558.3,563.4,555.3,560.1,2271
1971-09-03,561.6,575.1,561.6,575.1,4215
1971-09-04,579,587.7,579,583.5,3207
1971-09-05,582.6,588.6,581.1,582.9,2046
1971-09-06,576.9,593.1,576.3,592.5,2640
1971-09-07,594.6,595.5,589.8,593.4,1806
1971-09-08,590.4,592.2,583.5,585.3,2118
1971-09-09,585,590.1,581.1,588.3,2157
1971-09-10,591.9,596.4,582,582.9,1923
1971-09-11,576.9,580.8,572.4,579.3,2778
1971-09-12,577.5,582,577.5,578.1,1851
1971-09-13,580.2,585.6,579.9,584.1,1731
1971-09-14,583.5,590.4,581.4,585.3,2286
1971-09-15,585,585.6,582,584.7,1860
1971-09-16,585,588.9,582.9,584.4,948
1971-09-17,583.2,583.5,574.5,574.8,1620
1971-09-18,577.5,584.7,576.6,584.1,1047
1971-09-19,585,594,585,591.3,1104
1971-09-20,592.5,594,589.5,593.7,1038
1971-09-21,591.9,598.5,590.4,598.2,1086
1971-09-22,598.5,599.4,592.5,592.5,1293
1971-09-23,594,597,587.4,596.4,945
1971-09-24,594.3,598.2,593.4,596.1,822
1971-09-25,597,599.1,590.7,591,2073
1971-09-26,588.3,589.5,571.8,579.9,1689
1971-09-27,550.5,556.5,549.9,554.7,2229
1971-09-28,554.7,562.5,552,562.5,2994
1971-09-29,561,568.5,559.5,567,3972
1971-09-30,566.1,567,557.7,559.2,4041
1971-10-01,557.7,560.4,554.4,555.9,2673
1971-10-02,556.8,559.2,552.3,553.5,2079
1971-10-03,552.9,558,549,550.2,2850
1971-10-04,549,552,546.6,550.8,2931
1971-10-05,556.2,556.8,551.1,554.4,2787
1971-10-06,552.9,555,552.6,553.2,951
1971-10-07,551.7,555,549.3,554.1,1596
1971-10-08,552.6,564.9,552.6,564,3948
1971-10-09,561.9,566.7,561,564.6,2751
1971-10-10,563.1,564.6,559.5,564.3,2199
1971-10-11,570,579.3,567.6,579.3,5112
1971-10-12,579.9,582.6,575.1,577.2,2850
1971-10-13,579,585.3,578.7,585,2169
1971-10-14,585,588.9,582.6,583.5,1800
1971-10-15,585,587.4,580.5,581.4,1674
1971-10-16,582,595.5,579.6,594.9,2940
1971-10-17,595.5,598.5,591.3,593.4,2448
1971-10-18,596.4,604.8,586.5,603.6,4134
1971-10-19,604.2,618.6,604.2,618.6,3099
1971-10-20,612,619.8,610.5,614.1,3126
1971-10-21,612.3,619.5,610.2,616.5,2073
1971-10-22,619.8,631.5,619.2,629.1,3507
1971-10-23,630.9,644.1,630.9,644.1,3219
1971-10-24,657,659.1,629.1,629.1,4434
1971-10-25,629.1,640.5,624.3,640.2,3267
1971-10-26,637.8,645,628.2,630,2250
1971-10-27,627,633,621.3,622.5,1641
1971-10-28,620.4,632.4,620.4,631.2,1935
1971-10-29,631.5,646.2,631.2,646.2,2121
1971-10-30,656.7,656.7,636.9,643.5,2118
1971-10-31,637.5,640.5,618,619.8,1794
1971-11-01,628.5,628.5,609.6,622.5,1707
1971-11-02,624,624,616.5,622.5,1176
1971-11-03,610.5,619.5,610.5,611.4,939
1971-11-04,612,621,612,620.1,972
1971-11-05,621.6,629.4,618,622.8,1077
1971-11-06,624.9,627,622.5,624.9,936
1971-11-07,626.4,629.4,613.5,614.4,864
1971-11-08,614.4,619.5,609,615.6,966
1971-11-09,573,574.5,566.7,567.3,3042
1971-11-10,567,571.2,565.8,569.1,1443
1971-11-11,572.1,574.8,562.5,564,2340
1971-11-12,564.9,566.7,555.6,556.2,3954
1971-11-13,557.7,561.6,552.9,554.7,3996
1971-11-14,556.5,564,555.9,559.5,3072
1971-11-15,558,561,556.2,558,1101
1971-11-16,558,558,550.8,551.1,2850
1971-11-17,554.1,557.7,552,557.1,2400
1971-11-18,556.5,557.1,550.8,552.9,2088
1971-11-19,552.9,560.1,551.1,552.9,2772
1971-11-20,553.5,558.9,552.9,558.3,1773
1971-11-21,559.5,568.8,557.1,567.9,3570
1971-11-22,567.9,572.4,564.6,570,2577
1971-11-23,564.6,567.9,555,555,3120
1971-11-24,550.2,554.7,549.6,551.7,3621
1971-11-25,551.1,552.9,540.9,541.8,4236
1971-11-26,540.9,543.6,536.7,537,4230
1971-11-27,536.7,538.8,535.8,536.7,1356
1971-11-28,543,544.8,535.5,536.7,1932
1971-11-29,533.7,542.4,533.4,538.2,1854
1971-11-30,537,545.7,537,542.1,2022
1971-12-01,544.5,547.5,540.3,540.6,1878
1971-12-02,537.9,540.3,529.2,529.5,3591
1971-12-03,538.8,543,514.8,521.1,5106
1971-12-04,526.5,533.1,524.1,525,2403
1971-12-05,525.9,531,522.6,530.4,1641
1971-12-06,534,543.3,531.9,543,1968
1971-12-07,540,543,531.6,532.2,1356
1971-12-08,534,538.2,526.5,532.5,1212
1971-12-09,532.8,540,532.8,539.7,1452
1971-12-10,543.6,545.1,539.7,539.7,987
1971-12-11,542.4,547.5,540.9,547.5,939
1971-12-12,545.4,550.5,540.6,549.9,1293
1971-12-13,550.8,551.4,544.5,544.5,969
1971-12-14,546.9,548.7,543.3,546,465
1971-12-15,545.4,549.6,541.5,541.5,630
1971-12-16,543,544.5,540.9,542.7,621
1971-12-17,545.1,545.4,541.8,542.1,519
1971-12-18,541.8,545.7,540.6,544.8,573
1971-12-19,545.4,550.5,545.1,549.3,546
1971-12-20,549.3,549.3,547.5,548.7,576
1971-12-21,547.8,556.8,544.5,552.3,1596
1971-12-22,524.4,528.3,521.4,527.4,2232
1971-12-23,525.9,530.7,524.7,527.7,1815
1971-12-24,521.7,523.2,512.7,513.6,4965
1971-12-25,513,516.9,510.9,516.3,2250
1971-12-26,513,518.7,513,518.1,1506
1971-12-27,516,523.8,516,523.2,1731
1971-12-28,525,538.2,522,538.2,3969
1971-12-29,546,552,540.6,551.7,6975
1971-12-30,555,556.2,546.6,547.5,3429
1971-12-31,546,553.5,546,552.6,2331
1972-01-01,553.5,554.7,547.5,550.2,1548
1972-01-02,552.9,552.9,541.8,550.5,2664
1972-01-03,549,565.5,548.4,565.5,3807
1972-01-04,567,572.4,560.4,562.8,2877
1972-01-05,563.7,566.1,559.8,564.9,1767
1972-01-06,566.1,575.4,566.1,571.8,2820
1972-01-07,570,570.3,562.5,563.1,2412
1972-01-08,564,568.8,563.7,568.2,1572
1972-01-09,569.1,582,569.1,582,2151
1972-01-10,582,584.4,569.1,571.8,2274
1972-01-11,573.3,576,568.5,573.6,1845
1972-01-12,576.9,588.6,575.4,588.6,3135
1972-01-13,591,597,586.8,594.9,2196
1972-01-14,592.5,593.1,583.5,587.4,1803
1972-01-15,584.7,586.2,575.4,577.2,2190
1972-01-16,581.1,586.5,579.3,584.7,1539
1972-01-17,585.3,585.6,578.4,581.4,954
1972-01-18,577.8,577.8,570.6,572.1,1341
1972-01-19,572.1,576.6,570,575.7,924
1972-01-20,576,584.4,576,578.7,1185
1972-01-21,577.5,580.5,570.9,578.7,765
1972-01-22,579.6,592.2,579.6,591.9,1197
1972-01-23,593.4,598.2,584.1,587.1,1596
1972-01-24,583.5,587.4,579.9,582.6,1137
1972-01-25,577.5,578.4,570.9,576.6,2082
1972-01-26,572.7,573,560.4,561.3,2190
1972-01-27,557.4,559.2,552,555,1320
1972-01-28,556.5,558,551.4,555,807
1972-01-29,555,557.4,551.7,555.6,579
1972-01-30,552,552,548.1,548.4,909
1972-01-31,553.5,554.4,533.7,544.2,1002
1972-02-01,549.6,551.4,548.1,551.1,1302
1972-02-02,550.5,551.4,543,546.3,2409
1972-02-03,535.5,539.7,534,536.1,3009
1972-02-04,536.1,541.5,535.5,539.1,2667
1972-02-05,540.6,543.9,539.1,541.5,1986
1972-02-06,541.5,543.6,539.4,543.6,1296
1972-02-07,540.9,549.9,537.9,549.6,3144
1972-02-08,549.9,564.6,549.9,564.6,4212
1972-02-09,576,579.6,571.5,579.6,5865
1972-02-10,579,582.9,574.2,574.8,3828
1972-02-11,580.8,585,575.1,577.2,2451
1972-02-12,576,577.2,570,575.1,2190
1972-02-13,573,588,569.4,588,2814
1972-02-14,582,590.4,573.9,574.8,4227
1972-02-15,577.5,580.2,574.5,575.7,1638
1972-02-16,574.2,590.7,571.8,590.4,2526
1972-02-17,593.4,598.2,587.1,590.4,2646
1972-02-18,591.3,597,585.9,591,1653
1972-02-19,590.1,594,586.8,591,1953
1972-02-20,592.5,599.1,591.3,592.2,1668
1972-02-21,592.8,595.5,587.4,590.1,1551
1972-02-22,585.9,588.9,579.6,580.2,2679
1972-02-23,576.3,595.2,576.3,595.2,2526
1972-02-24,603,604.2,584.4,588.6,2949
1972-02-25,585.6,589.8,580.8,581.1,2250
1972-02-26,579.6,592.5,579.6,592.2,2913
1972-02-27,589.5,592.2,577.2,577.2,2319
1972-02-28,571.5,574.2,562.2,562.2,4059
1972-02-29,563.1,568.8,562.5,565.2,2013
1972-03-01,570,570,562.2,562.5,1362
1972-03-02,562.5,570.6,562.5,568.2,1038
1972-03-03,567.6,571.2,565.8,568.2,915
1972-03-04,567,576,564.9,575.1,1374
1972-03-05,573,578.1,571.5,575.4,969
1972-03-06,576,576,555,556.5,1620
1972-03-07,558.3,561,553.5,558,588
1972-03-08,559.5,563.4,559.2,561.6,342
1972-03-09,560.1,562.5,559.2,561,609
1972-03-10,561.6,563.7,558.3,561.3,1140
1972-03-11,561,566.4,558.6,565.8,747
1972-03-12,566.4,569.4,547.8,555.9,741
1972-03-13,560.1,569.1,559.5,568.2,3441
1972-03-14,567.3,570.9,562.5,563.7,2259
1972-03-15,564.6,566.1,557.1,557.7,2667
1972-03-16,553.8,565.5,544.5,564.9,4254
1972-03-17,564,566.1,555.9,556.5,3219
1972-03-18,557.1,562.5,554.7,560.4,1983
1972-03-19,557.1,561.9,555.3,556.8,1197
1972-03-20,558.9,560.4,552.9,558,1905
1972-03-21,553.5,560.4,551.1,559.8,1752
1972-03-22,563.4,567,562.5,565.8,2970
1972-03-23,567,569.4,565.5,567.9,2268
1972-03-24,568.5,570,559.5,565.8,2661
1972-03-25,563.4,580.8,563.4,580.8,4959
1972-03-26,580.8,581.4,575.1,577.2,2784
1972-03-27,585,586.5,572.4,583.5,3276
1972-03-28,584.4,587.1,579.6,580.8,1317
1972-03-29,581.4,586.5,577.8,582,2529
1972-03-30,580.2,585,579,583.8,1098
1972-03-31,585.6,585.6,576.9,577.2,1602
1972-04-01,577.5,581.4,575.4,579.6,2079
1972-04-02,576.9,578.1,570.9,574.5,2328
1972-04-03,574.2,575.7,569.7,573.9,1284
1972-04-04,576,576.6,571.8,572.7,1824
1972-04-05,572.4,574.2,567.9,568.8,1866
1972-04-06,567.3,575.1,565.5,573.6,1962
1972-04-07,572.1,573.9,567,567.6,1377
1972-04-08,568.5,569.4,563.1,566.4,1104
1972-04-09,567,571.2,564.9,569.1,552
1972-04-10,570,575.7,569.7,575.1,1458
1972-04-11,574.5,574.5,564.9,566.1,2010
1972-04-12,564,565.2,559.8,563.4,1497
1972-04-13,561,571.8,560.4,570.3,1797
1972-04-14,568.5,570.9,563.4,563.7,1203
1972-04-15,564,568.5,564,564.9,363
1972-04-16,562.5,564.9,560.1,560.4,786
1972-04-17,560.4,561.9,554.4,559.5,897
1972-04-18,560.4,560.4,556.8,558,396
1972-04-19,555.6,556.5,552.6,553.2,627
1972-04-20,555,555,544.8,544.8,1203
1972-04-21,543,543,540,540,477
1972-04-22,540,549.6,539.7,543.9,672
1972-04-23,545.1,550.5,529.5,537.3,612
1972-04-24,567,567.6,558.9,559.5,2049
1972-04-25,558,562.5,555.6,559.8,2298
1972-04-26,561,565.5,559.2,564.9,1908
1972-04-27,566.4,571.2,564,564.9,3465
1972-04-28,565.5,565.5,559.8,562.8,2061
1972-04-29,561,563.7,560.1,560.7,1278
1972-04-30,560.4,566.4,560.4,564.3,1122
1972-05-01,566.7,568.2,561.9,566.7,1731
1972-05-02,566.7,571.8,564.6,570,2046
1972-05-03,570.6,585,570,582.9,5583
1972-05-04,591,597,584.4,595.8,4788
1972-05-05,597,597,587.4,590.1,2604
1972-05-06,589.5,591.6,588.3,590.7,1584
1972-05-07,592.5,597,589.5,596.4,2277
1972-05-08,600,611.4,599.4,611.4,2640
1972-05-09,617.4,623.4,612.9,616.5,2541
1972-05-10,620.1,630.6,616.8,624.6,3054
1972-05-11,627.6,630.9,619.5,620.4,2496
1972-05-12,620.4,625.2,617.1,623.4,1530
1972-05-13,621,621.9,612.9,618.9,1740
1972-05-14,621,625.5,606.6,608.4,2433
1972-05-15,610.5,611.7,603.6,604.2,2073
1972-05-16,602.4,605.4,597.9,598.5,2616
1972-05-17,597,597,583.5,583.5,2694
1972-05-18,579,598.2,579,587.1,2985
1972-05-19,588.3,589.5,576,578.1,3051
1972-05-20,582,585.9,576.6,579.3,2121
1972-05-21,580.5,584.4,577.5,582.6,963
1972-05-22,583.5,584.4,574.5,580.2,1242
1972-05-23,583.5,584.1,579,581.7,1233
1972-05-24,579,595.5,579,594.3,1938
1972-05-25,592.5,598.2,590.1,594,1083
1972-05-26,600,609,600,609,1290
1972-05-27,615,615.3,607.8,610.8,1524
1972-05-28,609.9,609.9,591.9,592.5,1404
1972-05-29,591.9,597.9,591,591.9,564
1972-05-30,589.5,595.5,584.7,594.6,825
1972-05-31,601.2,607.8,598.5,600,1044
1972-06-01,603.6,611.4,601.5,606.6,891
1972-06-02,608.7,608.7,598.5,600.6,600
1972-06-03,600.6,602.4,588.9,599.4,1350
1972-06-04,593.1,594,581.1,581.4,663
1972-06-05,585,588,575.1,581.4,549
1972-06-06,570,571.5,563.1,570.3,4326
1972-06-07,573.9,575.4,568.5,570.6,2478
1972-06-08,564,574.2,564,570.9,2400
1972-06-09,570.9,583.5,568.8,583.2,4128
1972-06-10,580.5,582.6,575.4,577.5,2598
1972-06-11,576,583.5,571.2,571.5,2079
1972-06-12,564,573.9,561.3,561.9,4926
1972-06-13,562.8,567.9,559.8,561.3,3372
1972-06-14,562.5,565.5,559.8,562.2,2562
1972-06-15,558.9,561,548.4,551.1,5445
1972-06-16,550.5,552,541.2,543,3693
1972-06-17,544.5,551.4,539.7,540.6,3624
1972-06-18,539.4,544.8,533.4,542.1,3249
1972-06-19,547.5,551.1,545.4,546.6,2094
1972-06-20,545.1,548.7,542.7,543.6,1464
1972-06-21,543.6,546,539.1,540.9,1923
1972-06-22,540.6,543.9,534.3,535.5,3111
1972-06-23,534,534,520.5,523.5,4533
1972-06-24,525,529.2,523.5,526.2,1698
1972-06-25,525.9,531.9,524.4,528.3,1170
1972-06-26,528,531,526.8,528.6,1134
1972-06-27,528,539.1,527.1,535.2,1854
1972-06-28,532.5,535.5,528.6,530.4,1686
1972-06-29,531,534.6,525,532.8,2463
1972-06-30,532.5,536.4,531.9,532.8,1107
1972-07-01,531.9,531.9,517.8,517.8,2037
1972-07-02,511.8,514.8,507.9,511.5,2529
1972-07-03,517.5,522,513.9,521.4,2025
1972-07-04,519,519.9,513,513.9,1341
1972-07-05,515.4,525.6,512.7,524.1,1713
1972-07-06,525.6,535.2,524.4,534.9,1527
1972-07-07,534.9,537.3,528.9,533.4,1539
1972-07-08,535.5,538.8,532.5,533.4,1071
1972-07-09,534.9,539.7,534.9,537.3,1035
1972-07-10,538.5,550.2,538.5,544.2,2088
1972-07-11,546,546,537.9,540.3,486
1972-07-12,544.5,546,531,531.3,1134
1972-07-13,531,531.3,522.3,528.3,1383
1972-07-14,532.8,534.9,528.9,529.8,444
1972-07-15,529.8,535.5,529.8,534.9,417
1972-07-16,533.4,537,531.9,536.4,390
1972-07-17,538.5,546,538.5,544.5,1083
1972-07-18,541.5,541.5,531,534,534
1972-07-19,522.6,522.6,517.8,520.8,1689
1972-07-20,516,524.1,515.1,523.8,2145
1972-07-21,525.6,527.4,516.3,517.5,3096
1972-07-22,519.6,520.5,515.7,519.3,1848
1972-07-23,516,517.2,513.3,513.9,2247
1972-07-24,513.6,518.7,510.9,517.5,1965
1972-07-25,516.9,522,515.4,521.7,1986
1972-07-26,520.8,523.2,519,522.9,1950
1972-07-27,519.9,519.9,510,511.8,2883
1972-07-28,511.8,517.2,510.6,515.7,1347
1972-07-29,530.7,530.7,520.5,522.9,4530
1972-07-30,522.9,524.1,519.6,524.1,1458
1972-07-31,519.6,523.5,517.8,522.3,1071
1972-08-01,522.3,526.5,519.6,522.3,2622
1972-08-02,522.3,526.8,521.7,523.8,1272
1972-08-03,526.2,532.8,524.4,529.5,3000
1972-08-04,525,530.7,523.8,528.6,1980
1972-08-05,529.5,531.6,525.9,530.7,1197
1972-08-06,529.5,538.5,527.4,535.8,4266
1972-08-07,537,537.9,535.8,537.6,1695
1972-08-08,539.4,541.5,532.5,534.6,3108
1972-08-09,531.9,536.7,531,536.1,1755
1972-08-10,536.1,536.4,533.4,534.6,1047
1972-08-11,533.4,535.5,530.7,534.9,1605
1972-08-12,534.9,536.7,533.1,534.9,858
1972-08-13,535.5,535.5,531.6,533.7,1047
1972-08-14,534,538.5,534,538.2,858
1972-08-15,537,539.1,535.5,538.8,885
1972-08-16,537,540,536.4,537,624
1972-08-17,536.4,536.4,528.3,530.7,2400
1972-08-18,532.8,533.4,529.5,530.1,768
1972-08-19,529.5,532.5,527.4,531.6,615
1972-08-20,532.8,532.8,530.1,530.4,588
1972-08-21,528.9,528.9,525.9,526.2,1383
1972-08-22,525.9,526.8,522.6,522.6,795
1972-08-23,520.8,520.8,510,513.6,1329
1972-08-24,516,516,513,515.7,333
1972-08-25,515.1,516,513.6,515.4,327
1972-08-26,516,517.2,506.1,507.9,738
1972-08-27,507.9,511.5,507.9,511.5,426
1972-08-28,510,511.8,510,510.3,237
1972-08-29,511.2,514.2,507.9,514.2,495
1972-08-30,512.4,514.8,505.5,506.4,486
1972-08-31,524.1,528,520.2,527.1,2277
1972-09-01,531,541.8,528.6,541.5,6855
1972-09-02,541.5,543.3,538.8,539.7,3831
1972-09-03,537.6,539.4,536.1,539.4,1497
1972-09-04,539.4,541.5,534.9,536.7,1035
1972-09-05,538.5,540,534.9,539.7,1161
1972-09-06,542.4,545.7,535.5,537.3,2409
1972-09-07,534,536.1,531.6,534,1722
1972-09-08,529.5,532.8,524.1,524.7,4029
1972-09-09,527.7,528.3,523.2,525.6,1842
1972-09-10,524.7,527.7,520.8,527.1,2376
1972-09-11,527.1,530.4,525.6,525.9,1158
1972-09-12,528.6,533.4,525.9,533.1,1872
1972-09-13,529.8,533.7,529.8,529.8,861
1972-09-14,529.8,534.6,528.9,532.2,912
1972-09-15,533.4,537.9,533.1,536.7,1941
1972-09-16,538.5,539.4,535.8,537,1029
1972-09-17,534.9,536.1,532.2,534.6,1038
1972-09-18,534.6,540.9,533.4,538.8,1659
1972-09-19,539.7,543.3,535.8,536.4,2658
1972-09-20,536.4,538.8,533.7,535.5,1416
1972-09-21,536.1,541.5,535.8,541.5,927
1972-09-22,543,546.6,540.9,546.6,2259
1972-09-23,546,546.9,543,543,1527
1972-09-24,541.5,545.1,540,543.3,741
1972-09-25,542.4,549.6,542.4,549.3,1686
1972-09-26,544.8,548.4,543,544.8,1986
1972-09-27,543.3,544.2,541.2,542.7,684
1972-09-28,542.7,544.8,542.4,544.2,429
1972-09-29,542.7,544.8,541.2,543.6,288
1972-09-30,541.5,541.5,537.9,539.1,957
1972-10-01,538.8,538.8,533.1,533.1,618
1972-10-02,536.7,546,535.5,545.4,2400
1972-10-03,546.6,554.1,542.4,547.5,990
1972-10-04,550.5,552,549,551.1,480
1972-10-05,550.2,556.2,550.2,555.6,870
1972-10-06,557.1,557.4,555.3,556.2,504
1972-10-07,555,558,550.5,554.1,564
1972-10-08,552,558,546,550.8,327
1972-10-09,571.2,573,567,570.3,1521
1972-10-10,567.6,572.4,566.1,570.3,1665
1972-10-11,570,576.6,568.5,573.6,2496
1972-10-12,574.5,575.1,570.9,571.8,2034
1972-10-13,570,570,561.3,561.6,3624
1972-10-14,559.8,563.1,559.5,561,1761
1972-10-15,561.9,565.5,559.5,560.1,1821
1972-10-16,558.6,558.6,546.6,547.2,5097
1972-10-17,548.4,551.7,547.8,551.4,2760
1972-10-18,551.4,556.5,551.4,555.9,1896
1972-10-19,552.6,553.5,546.3,549.9,2895
1972-10-20,549,557.4,546.9,555.6,1980
1972-10-21,556.2,557.7,545.4,549.3,3492
1972-10-22,552.6,553.2,549.6,552,1116
1972-10-23,550.5,556.8,550.5,555.9,771
1972-10-24,556.2,557.1,552,553.2,774
1972-10-25,553.8,556.2,552.6,554.7,972
1972-10-26,556.8,562.5,556.5,562.2,2589
1972-10-27,562.2,564.9,558,559.2,2553
1972-10-28,556.2,564,556.2,558.3,1629
1972-10-29,558,559.5,554.4,558.9,933
1972-10-30,560.4,570,560.1,564.3,3006
1972-10-31,567,569.1,563.4,567.3,2688
1972-11-01,568.8,570.6,564.9,566.1,1452
1972-11-02,564.9,565.5,561,564.9,1011
1972-11-03,563.1,564.6,559.8,563.4,1302
1972-11-04,562.5,565.2,559.5,559.8,1179
1972-11-05,558.3,561,554.1,558.6,1386
1972-11-06,555.3,555.3,544.5,548.4,2292
1972-11-07,546.6,553.2,546.6,549.3,1077
1972-11-08,548.7,549,541.2,543.9,1851
1972-11-09,543.9,544.5,541.5,542.4,1182
1972-11-10,542.1,547.5,541.5,546,690
1972-11-11,546,546,540,544.2,1047
1972-11-12,544.5,550.8,544.5,548.1,480
1972-11-13,546.6,546.6,545.1,545.4,186
1972-11-14,544.5,551.7,544.5,551.1,405
1972-11-15,551.1,551.1,540.9,540.9,1074
1972-11-16,538.8,538.8,534.3,536.7,291
1972-11-17,534.3,536.4,529.5,529.5,411
1972-11-18,530.4,534.3,526.5,526.5,342
1972-11-19,526.5,528.9,513.3,515.4,492
1972-11-20,544.5,551.4,543,550.8,1710
1972-11-21,544.5,546.6,538.8,544.5,1890
1972-11-22,545.7,548.1,542.1,545.1,978
1972-11-23,546.6,550.5,546,549.3,1446
1972-11-24,550.2,551.1,543.6,545.1,1278
1972-11-25,546,547.8,542.1,547.2,1056
1972-11-26,547.8,552,547.2,551.7,1479
1972-11-27,553.2,553.5,548.7,549.6,1395
1972-11-28,549,553.2,546.9,550.8,1560
1972-11-29,551.1,553.8,547.8,552.3,1236
1972-11-30,551.4,553.2,549.3,550.5,939
1972-12-01,549.6,564.6,549.6,562.5,5124
1972-12-02,559.5,562.8,555.3,555.6,3666
1972-12-03,554.7,554.7,540.6,540.6,4437
1972-12-04,525.6,531.9,525.6,528.9,4782
1972-12-05,529.8,536.4,529.2,534.9,1611
1972-12-06,534.9,537,530.4,533.7,1143
1972-12-07,532.5,534.9,529.5,530.1,819
1972-12-08,528.9,534,527.4,531.6,936
1972-12-09,530.4,533.4,528.9,530.4,993
1972-12-10,531,541.2,531,539.7,2355
1972-12-11,537.9,541.8,536.7,537.9,1251
1972-12-12,535.5,535.5,523.2,528.9,2340
1972-12-13,530.1,532.5,525,532.2,1140
1972-12-14,532.5,532.5,522,522.9,1311
1972-12-15,524.4,525,512.4,515.4,2790
1972-12-16,515.1,518.7,513.6,518.1,1692
1972-12-17,519.3,522.6,519.3,520.8,1635
1972-12-18,519.6,522,512.1,512.4,1089
1972-12-19,511.2,519.9,510.9,519.6,1332
1972-12-20,521.1,524.1,519.9,523.5,2133
1972-12-21,519,522.9,517.5,522.9,1878
1972-12-22,522.9,529.8,522.3,529.5,1506
1972-12-23,528,528,522,522.9,516
1972-12-24,523.5,525.6,522,523.5,162
1972-12-25,525.9,527.4,521.4,522,525
1972-12-26,520.5,520.5,517.5,518.7,438
1972-12-27,517.2,521.1,515.7,518.4,309
1972-12-28,521.7,526.5,521.4,526.2,819
1972-12-29,526.2,527.4,523.2,525.3,1068
1972-12-30,529.5,534.6,526.5,526.5,1134
1972-12-31,528,528,516,516.9,579
1973-01-01,545.4,545.7,529.8,530.7,3378
1973-01-02,534,539.1,532.5,537.6,2715
1973-01-03,536.4,543.6,534.6,535.5,2193
1973-01-04,540,542.7,538.2,540.6,1836
1973-01-05,542.1,543.3,535.5,542.7,1866
1973-01-06,540,543.6,538.5,541.5,1533
1973-01-07,540.6,542.1,537,541.5,1662
1973-01-08,540.6,541.5,537.6,539.7,588
1973-01-09,538.2,545.7,536.1,544.5,1878
1973-01-10,543.6,546,534.3,535.2,2610
1973-01-11,535.8,544.5,534.6,543.3,1929
1973-01-12,541.8,547.2,538.8,539.4,2154
1973-01-13,544.8,546.6,541.5,543.3,1560
1973-01-14,546.6,551.1,546.3,550.5,2343
1973-01-15,550.5,552.6,547.8,548.7,2823
1973-01-16,550.5,551.7,547.2,548.1,1224
1973-01-17,547.5,547.5,543.9,545.1,1830
1973-01-18,544.5,550.8,542.7,547.5,1965
1973-01-19,549,552.9,545.7,550.8,1500
1973-01-20,550.5,552,547.2,548.1,924
1973-01-21,548.1,551.4,547.5,548.1,1104
1973-01-22,548.4,549,545.7,548.7,1404
1973-01-23,547.2,555.3,546.3,550.8,3339
1973-01-24,550.2,553.2,548.1,552.9,882
1973-01-25,553.5,554.4,551.7,552.6,1215
1973-01-26,554.1,554.1,550.8,551.1,1137
1973-01-27,553.5,558.3,553.5,557.1,2934
1973-01-28,556.5,558.3,556.2,557.4,1038
1973-01-29,557.4,558,547.5,547.8,2343
1973-01-30,548.7,550.2,546.3,547.8,816
1973-01-31,546.6,548.1,544.5,544.8,858
1973-02-01,544.5,546.6,540.6,540.9,2271
1973-02-02,542.4,544.5,540.6,541.8,945
1973-02-03,542.4,546,541.8,546,357
1973-02-04,547.5,548.4,545.1,547.8,588
1973-02-05,549,549.6,546,546.9,462
1973-02-06,546.9,549.6,546.9,547.2,438
1973-02-07,549,549.3,547.8,548.4,435
1973-02-08,548.4,552.6,548.4,552.6,543
1973-02-09,553.5,561.6,552.9,561,927
1973-02-10,564.6,580.5,558,569.1,1254
1973-02-11,561.6,561.9,557.4,558.6,891
1973-02-12,554.7,558,554.7,556.8,1338
1973-02-13,558,561.6,555.9,558.9,1161
1973-02-14,559.5,563.4,559.5,562.8,1437
1973-02-15,563.7,575.7,563.1,572.4,4863
1973-02-16,573,576.6,570.6,572.7,2715
1973-02-17,572.7,574.2,569.4,570.3,1893
1973-02-18,568.8,570.9,568.2,568.8,1311
1973-02-19,570,571.2,568.2,569.7,855
1973-02-20,570.6,570.6,567,567.9,1053
1973-02-21,567.6,571.5,566.4,569.7,1104
1973-02-22,571.8,573.6,568.2,568.5,1215
1973-02-23,567,567,562.8,564,2028
1973-02-24,563.7,564.9,558.9,559.2,1935
1973-02-25,557.4,561.9,555,561,1890
1973-02-26,555,562.5,555,560.1,1506
1973-02-27,561.6,562.8,558,561.3,654
1973-02-28,557.1,558.9,556.5,556.8,1248
1973-03-01,556.2,556.8,552,556.2,1803
1973-03-02,558,559.2,552,557.7,2439
1973-03-03,557.1,560.7,556.5,558,702
1973-03-04,557.4,560.4,556.5,558.3,402
1973-03-05,555.9,555.9,551.1,552,1362
1973-03-06,551.1,551.1,545.4,549.3,2436
1973-03-07,548.4,549.9,547.8,548.1,522
1973-03-08,549.3,550.8,547.5,550.2,900
1973-03-09,549.3,552,548.1,551.1,855
1973-03-10,550.5,551.1,549,549.9,441
1973-03-11,550.5,552.9,549.9,552.6,579
1973-03-12,552.6,553.2,551.4,552.3,399
1973-03-13,551.4,551.4,548.1,549,897
1973-03-14,549,551.4,547.8,548.1,540
1973-03-15,549,549.9,546,549.3,939
1973-03-16,551.1,554.4,551.1,554.4,969
1973-03-17,555,556.8,552.6,554.4,1176
1973-03-18,554.4,555.6,553.8,555.3,339
1973-03-19,555,555.9,553.8,554.1,555
1973-03-20,554.1,557.7,553.8,557.1,447
1973-03-21,558,558.3,555.6,558.3,921
1973-03-22,558.3,560.4,558.3,560.4,408
1973-03-23,560.4,561.6,558.9,559.8,633
1973-03-24,559.5,560.1,553.8,553.8,606
1973-03-25,555.3,557.4,552.3,557.1,843
1973-03-26,558.3,567.6,556.2,567.6,786
1973-03-27,554.4,556.2,552.9,555.9,942
1973-03-28,555,556.2,553.8,554.1,672
1973-03-29,554.1,556.5,552.6,554.7,1194
1973-03-30,555,557.7,554.4,555.9,1143
1973-03-31,555.9,556.5,552.6,553.2,735
1973-04-01,552,555.3,548.4,549.3,2112
1973-04-02,549.3,552.3,547.5,550.2,1083
1973-04-03,551.1,552.6,550.5,551.7,585
1973-04-04,552.6,557.1,552.3,556.5,1773
1973-04-05,556.5,557.4,553.8,557.1,1110
1973-04-06,557.1,557.7,553.5,553.8,510
1973-04-07,554.4,555,551.7,552.9,762
1973-04-08,553.5,556.8,552.3,555.9,957
1973-04-09,555.6,557.7,553.5,557.4,1146
1973-04-10,558,561.9,558,561.9,2322
1973-04-11,562.2,562.8,558.9,560.4,888
1973-04-12,560.4,560.4,557.7,559.2,711
1973-04-13,558.6,558.9,555.6,555.9,753
1973-04-14,555.6,558,553.2,555.3,1116
1973-04-15,554.7,555.6,552.9,553.8,1026
1973-04-16,551.1,554.7,550.8,553.8,585
1973-04-17,554.1,555.6,552.3,555,396
1973-04-18,553.2,553.8,545.4,552.3,2850
1973-04-19,551.7,554.1,548.1,551.7,2646
1973-04-20,550.5,552.3,546.9,548.7,969
1973-04-21,548.1,549.3,546.3,549.3,933
1973-04-22,549,550.2,547.2,549.3,249
1973-04-23,549.9,550.5,547.8,548.7,339
1973-04-24,549.6,552,549.3,549.3,1002
1973-04-25,549,549,544.5,547.2,918
1973-04-26,546.3,546.3,543,543.9,1881
1973-04-27,543,544.8,543,544.5,714
1973-04-28,543,543,541.5,542.4,645
1973-04-29,543.6,551.1,543,548.7,1098
1973-04-30,548.1,549.6,547.8,548.7,255
1973-05-01,548.1,549.3,546.6,549,264
1973-05-02,546.9,552.3,546.9,550.5,243
1973-05-03,550.8,553.8,550.5,553.5,306
1973-05-04,555.6,557.1,554.7,557.1,504
1973-05-05,557.4,559.5,556.5,558.9,411
1973-05-06,558.9,561.9,558.6,561.3,1119
1973-05-07,561.3,562.8,558,558.6,573
1973-05-08,559.5,562.8,556.8,561.9,627
1973-05-09,560.7,562.2,558.9,559.5,1743
1973-05-10,561.3,563.7,557.4,557.7,1008
1973-05-11,558.3,558.6,554.7,555,1101
1973-05-12,555,558,555,556.8,648
1973-05-13,556.2,559.8,556.2,559.2,948
1973-05-14,563.1,563.1,560.1,560.7,1167
1973-05-15,560.1,561.6,560.1,560.4,627
1973-05-16,560.4,563.1,558.9,562.8,1089
1973-05-17,563.7,564.3,560.7,562.5,1326
1973-05-18,561.3,562.2,559.5,561.9,999
1973-05-19,562.5,562.8,560.1,561.6,609
1973-05-20,562.2,563.7,560.7,563.1,597
1973-05-21,564,567.6,562.8,567.3,2136
1973-05-22,567.9,568.8,565.2,568.5,1377
1973-05-23,568.8,573.3,568.5,572.4,2463
1973-05-24,572.4,573.3,569.4,569.7,1239
1973-05-25,570,570.9,567.6,567.9,1293
1973-05-26,568.8,570.9,567.9,570,528
1973-05-27,570.9,571.5,568.8,569.4,573
1973-05-28,569.4,571.8,568.2,570.6,1161
1973-05-29,570,573.3,569.4,571.5,1113
1973-05-30,570,572.4,568.2,571.8,600
1973-05-31,571.2,573,570,571.8,513
1973-06-01,571.5,572.7,569.7,572.4,849
1973-06-02,571.5,573,570.9,573,384
1973-06-03,571.8,574.5,570.3,573.6,366
1973-06-04,573.9,574.8,573,574.8,387
1973-06-05,574.5,575.1,571.2,572.1,759
1973-06-06,572.1,572.7,569.4,569.7,786
1973-06-07,569.7,569.7,565.5,566.4,561
1973-06-08,564.9,566.4,562.5,565.8,1110
1973-06-09,565.2,579.3,564.6,574.5,1758
1973-06-10,576,582.9,576,581.7,1248
1973-06-11,582,585.6,579.6,582.3,1461
1973-06-12,580.5,582.3,577.8,582,495
1973-06-13,581.1,587.1,580.5,586.5,651
1973-06-14,588,601.5,588,601.2,1086
1973-06-15,599.1,609,591.9,608.7,804
1973-06-16,608.7,626.7,608.7,617.1,603
1973-06-17,586.5,592.5,585.9,591.9,2271
1973-06-18,594,606.9,594,606.9,3543
1973-06-19,604.5,614.7,603.9,614.1,2634
1973-06-20,614.1,615.6,606.9,610.5,2169
1973-06-21,608.1,611.1,606.6,607.5,1107
1973-06-22,605.7,608.1,600.9,605.4,2295
1973-06-23,601.5,606.9,593.4,606.6,4167
1973-06-24,607.8,609.6,600.9,602.4,1743
1973-06-25,600,604.5,598.5,600.6,1506
1973-06-26,600.6,604.5,600.3,602.1,621
1973-06-27,600.9,603,600,601.2,741
1973-06-28,601.2,610.5,597.9,606.9,2565
1973-06-29,609,610.2,604.5,609,1158
1973-06-30,607.5,609,604.8,605.4,906
1973-07-01,604.5,608.4,603.3,607.2,543
1973-07-02,606.6,608.4,604.2,605.4,564
1973-07-03,605.4,606.3,601.8,605.7,1290
1973-07-04,607.2,615,606.9,612.9,2325
1973-07-05,614.7,615.6,612,613.8,1422
1973-07-06,614.1,616.5,611.7,616.5,1104
1973-07-07,616.8,622.2,616.2,621.9,2505
1973-07-08,622.5,624,619.5,621.9,1929
1973-07-09,624.9,628.5,622.5,628.2,2679
1973-07-10,630,632.1,616.5,617.1,2697
1973-07-11,616.2,618.6,606.6,610.5,2775
1973-07-12,610.5,614.7,606.6,614.4,1653
1973-07-13,615,615.9,612.6,615,855
1973-07-14,615,615,600,600,2328
1973-07-15,598.5,598.5,585.6,594.9,2712
1973-07-16,596.4,597,593.7,595.8,1434
1973-07-17,594.9,597.9,593.4,595.2,912
1973-07-18,594,595.5,577.5,583.5,1446
1973-07-19,580.8,586.5,575.7,578.7,873
1973-07-20,581.4,585.9,576.6,582.9,408
1973-07-21,584.7,590.1,582.9,590.1,450
1973-07-22,591,591,584.1,585.3,255
1973-07-23,586.2,587.7,577.5,580.2,558
1973-07-24,579,587.4,576.3,578.1,354
1973-07-25,581.1,581.1,568.5,576.3,432
1973-07-26,576.3,577.5,567.9,576.9,393
1973-07-27,573.9,575.7,567.6,568.5,309
1973-07-28,567.3,575.1,564,570.3,438
1973-07-29,583.2,588.6,580.5,587.1,1272
1973-07-30,585.9,588.9,585.3,588.6,921
1973-07-31,588.6,591.9,586.2,591.3,1926
1973-08-01,591,591.3,584.1,587.1,2499
1973-08-02,586.5,586.5,578.4,579.9,1758
1973-08-03,578.4,588.3,576.9,588,1839
1973-08-04,590.1,590.4,584.4,589.2,669
1973-08-05,588,588,583.8,584.1,804
1973-08-06,582,587.4,580.8,586.8,684
1973-08-07,585.9,588.9,583.5,588,579
1973-08-08,589.5,594.6,587.1,594.6,2325
1973-08-09,592.5,594.9,588.3,589.8,1785
1973-08-10,588,589.2,584.4,585.3,1473
1973-08-11,586.5,593.4,585.9,591.6,1308
1973-08-12,592.8,598.8,592.8,594.6,1815
1973-08-13,596.7,598.8,591.6,593.7,924
1973-08-14,595.5,598.8,592.2,598.5,1461
1973-08-15,598.5,599.7,583.5,586.2,1605
1973-08-16,587.1,589.5,582.9,585.9,1488
1973-08-17,584.4,587.4,575.4,579.3,1722
1973-08-18,576,582,575.4,579.3,1350
1973-08-19,576.9,586.2,575.1,582,1329
1973-08-20,577.5,583.8,576,582.6,1434
1973-08-21,581.4,585.9,580.8,582.9,675
1973-08-22,581.7,582.6,577.8,581.7,609
1973-08-23,581.4,581.4,573.6,577.8,651
1973-08-24,577.5,579.3,575.7,578.1,621
1973-08-25,577.5,579,574.5,577.2,1791
1973-08-26,579,583.8,579,580.5,1809
1973-08-27,581.4,581.7,577.5,579.3,1422
1973-08-28,581.1,582.6,579.3,581.1,684
1973-08-29,583.5,585,582.3,583.8,861
1973-08-30,584.4,586.2,581.1,586.2,558
1973-08-31,586.2,587.1,585,586.2,369
1973-09-01,586.5,592.8,586.5,592.8,648
1973-09-02,593.1,599.4,593.1,599.1,453
1973-09-03,599.4,601.8,596.1,601.8,498
1973-09-04,600.6,602.7,598.8,600.9,786
1973-09-05,602.7,602.7,599.1,600.9,525
1973-09-06,600.9,604.5,600.9,604.5,495
1973-09-07,604.5,611.7,603.3,611.7,501
1973-09-08,611.1,611.7,610.5,611.1,510
1973-09-09,607.5,611.1,604.2,605.1,1758
1973-09-10,605.4,608.4,604.5,606.9,1011
1973-09-11,606.9,608.4,604.2,607.5,771
1973-09-12,607.2,610.5,606.3,608.4,621
1973-09-13,609.3,610.5,601.2,602.4,2292
1973-09-14,601.5,604.5,600,601.5,1143
1973-09-15,601.8,613.5,601.8,613.2,2502
1973-09-16,612.6,612.9,609.3,610.5,756
1973-09-17,611.1,612.9,607.5,607.8,672
1973-09-18,608.4,611.7,607.2,610.8,942
1973-09-19,609.6,611.4,606.9,609.6,951
1973-09-20,610.5,615.9,609.9,615.3,1620
1973-09-21,615,616.5,611.4,615.3,1884
1973-09-22,615.3,619.2,612.6,613.2,1644
1973-09-23,612.9,614.4,610.2,612,819
1973-09-24,610.5,610.5,606,608.7,1611
1973-09-25,608.4,611.1,606.9,610.2,723
1973-09-26,610.2,615.6,609,614.7,1269
1973-09-27,614.4,615.9,612,614.7,864
1973-09-28,615.6,619.8,615.6,619.8,1797
1973-09-29,620.4,620.7,616.8,617.7,987
1973-09-30,617.7,623.1,615.3,616.2,1353
1973-10-01,615.9,615.9,612.3,612.6,735
1973-10-02,611.4,611.7,604.8,607.5,2244
1973-10-03,609,621.6,609,618.3,1743
1973-10-04,617.7,620.4,610.5,619.8,888
1973-10-05,619.8,620.1,615.6,617.4,708
1973-10-06,616.5,618.6,612,616.2,444
1973-10-07,616.5,617.1,610.5,613.2,951
1973-10-08,610.8,611.1,606.9,610.5,882
1973-10-09,610.5,616.5,610.5,616.2,585
1973-10-10,615.9,618,614.1,616.8,759
1973-10-11,614.1,614.1,606.6,612,732
1973-10-12,607.8,609.3,600.3,605.1,1173
1973-10-13,603.9,604.2,597,602.4,798
1973-10-14,600.9,608.4,600.9,608.1,240
1973-10-15,607.5,607.5,601.8,602.4,246
1973-10-16,601.8,601.8,594.6,595.8,519
1973-10-17,595.5,597.9,592.2,595.5,633
1973-10-18,594,597,588.3,592.8,675
1973-10-19,592.8,592.8,559.5,563.4,870
1973-10-20,594,594.6,588.3,588.9,1572
1973-10-21,588.9,594.9,586.5,593.1,2496
1973-10-22,592.5,593.1,585.3,586.8,1626
1973-10-23,585.6,589.5,583.5,589.2,1509
1973-10-24,587.1,591.6,585.9,588.3,750
1973-10-25,588,588,573.3,574.2,2940
1973-10-26,575.7,579,567.9,574.2,2412
1973-10-27,574.2,581.1,574.2,578.1,993
1973-10-28,576.3,583.2,573.6,577.2,1176
1973-10-29,578.4,580.5,576.6,577.2,417
1973-10-30,577.5,581.1,574.8,580.8,699
1973-10-31,582,584.1,578.4,583.5,891
1973-11-01,583.2,585,582.3,582.9,594
1973-11-02,580.5,580.5,573.6,578.4,1140
1973-11-03,576,576,570,571.8,996
1973-11-04,569.1,571.8,561.3,569.7,2139
1973-11-05,572.1,576,571.5,573,714
1973-11-06,573.9,575.7,567.3,568.2,684
1973-11-07,569.1,574.5,565.8,572.1,981
1973-11-08,573,577.2,572.1,574.5,720
1973-11-09,569.7,578.1,569.7,575.4,1011
1973-11-10,576.3,578.7,574.5,577.8,717
1973-11-11,575.4,581.1,570.3,579.9,1140
1973-11-12,579,580.8,574.8,580.5,1116
1973-11-13,581.1,582.3,577.8,578.1,762
1973-11-14,577.2,577.2,570.3,572.7,1149
1973-11-15,573,577.5,572.7,573.3,630
1973-11-16,570.3,579.6,570.3,578.4,1626
1973-11-17,578.1,580.5,576.9,579.3,699
1973-11-18,579.3,588.9,579.3,586.5,2682
1973-11-19,587.4,588.6,582.6,582.9,798
1973-11-20,583.5,584.7,581.1,583.8,498
1973-11-21,583.8,588,582.9,585.3,381
1973-11-22,588,592.5,588,591,1017
1973-11-23,592.5,596.4,586.5,587.1,474
1973-11-24,588.3,589.8,586.5,587.1,186
1973-11-25,589.5,590.7,587.1,588.3,165
1973-11-26,588.3,588.6,581.4,588,213
1973-11-27,585,591.9,585,591.3,354
1973-11-28,590.4,596.7,589.8,595.8,765
1973-11-29,597,597,589.5,591.9,375
1973-11-30,589.8,589.8,576.9,587.7,417
1973-12-01,591,595.2,585.9,587.7,177
1973-12-02,578.1,580.2,576.3,578.1,444
1973-12-03,578.1,578.7,573.9,574.8,567
1973-12-04,571.2,575.4,569.4,571.5,1215
1973-12-05,568.8,568.8,556.5,561,2424
1973-12-06,560.4,560.7,557.4,558.9,1137
1973-12-07,558.9,558.9,551.7,552.9,921
1973-12-08,553.5,560.1,553.5,558,1116
1973-12-09,558,562.2,555.6,562.2,834
1973-12-10,562.2,562.8,552.9,555.6,939
1973-12-11,553.5,557.1,550.8,556.5,723
1973-12-12,559.2,562.8,555,558.6,753
1973-12-13,559.8,560.4,555.6,555.9,360
1973-12-14,556.5,557.1,551.1,552,849
1973-12-15,550.5,554.1,549,552.6,921
1973-12-16,550.8,553.2,546.6,552.9,969
1973-12-17,553.2,556.2,550.8,555.3,483
1973-12-18,555,556.5,549.9,551.4,456
1973-12-19,552,552.3,546.3,546.6,651
1973-12-20,545.7,549,541.5,542.7,852
1973-12-21,542.7,546,541.5,541.8,465
1973-12-22,542.7,543.9,537.9,538.5,555
1973-12-23,539.4,540,531,532.5,966
1973-12-24,532.8,540.9,532.8,539.1,684
1973-12-25,541.5,545.4,540,545.1,678
1973-12-26,547.5,549.3,545.7,549,657
1973-12-27,550.8,552.6,548.7,551.7,957
1973-12-28,552.6,552.6,544.5,545.7,714
1973-12-29,544.5,544.8,539.7,544.2,930
1973-12-30,545.4,552.9,543.6,552.6,957
1973-12-31,550.8,555,546,547.8,1143
1974-01-01,547.5,548.4,543.3,545.1,330
1974-01-02,544.5,545.1,537.9,539.4,849
1974-01-03,540.9,546.6,538.5,544.8,1806
1974-01-04,546,547.5,540.3,546.9,696
1974-01-05,545.7,547.2,540,543,231
1974-01-06,541.5,543,538.8,540,369
1974-01-07,539.1,540.9,536.4,540,975
1974-01-08,537.6,539.4,520.5,521.4,594
1974-01-09,522.3,528.9,520.8,525.3,186
1974-01-10,525.3,527.1,516,518.4,237
1974-01-11,517.2,519,514.8,516.9,111
1974-01-12,516,516,481.5,489,231
1974-01-13,489.3,492,480.6,489,153
1974-01-14,490.5,490.5,472.5,476.4,255
1974-01-15,514.8,514.8,499.8,499.8,1716
1974-01-16,496.5,498.9,484.8,484.8,2103
1974-01-17,477,477.6,469.8,469.8,1971
1974-01-18,459,483,454.8,471,2967
1974-01-19,489.9,489.9,471,484.5,1836
1974-01-20,483,492,477.6,482.7,942
1974-01-21,482.7,482.7,471.9,479.4,792
1974-01-22,477,477,465,465,906
1974-01-23,463.5,468,457.5,459.3,1191
1974-01-24,458.4,474.3,458.4,474.3,1140
1974-01-25,480,489,477.6,486.3,1437
1974-01-26,485.7,491.7,480,483.3,1065
1974-01-27,482.4,484.5,476.4,482.4,534
1974-01-28,487.5,497.4,487.5,497.4,1524
1974-01-29,500.4,511.8,499.5,511.5,1764
1974-01-30,520.5,520.5,502.8,504.6,1569
1974-01-31,503.1,503.1,493.2,499.2,1062
1974-02-01,498,514.2,497.7,514.2,921
1974-02-02,519.9,519.9,506.4,510.6,921
1974-02-03,507.6,517.8,504.6,516.6,735
1974-02-04,516,522.6,513.3,514.8,816
1974-02-05,517.5,519.9,513,517.5,525
1974-02-06,514.5,515.7,507.9,511.8,837
1974-02-07,513.9,513.9,507,510.6,354
1974-02-08,498.9,508.5,497.1,507,393
1974-02-09,510,522,510,522,1077
1974-02-10,526.5,526.5,511.5,519,588
1974-02-11,517.5,521.4,509.7,516.6,420
1974-02-12,514.5,514.5,507,508.8,504
1974-02-13,510.3,514.5,508.8,510.9,279
1974-02-14,505.2,507.6,499.2,500.1,687
1974-02-15,497.1,505.2,497.1,501.6,327
1974-02-16,498,505.8,498,502.2,243
1974-02-17,503.7,506.4,489.9,491.7,321
1974-02-18,488.7,488.7,471,484.2,687
1974-02-19,482.1,513,482.1,497.1,579
1974-02-20,489,489,482.7,483.9,639
1974-02-21,489,498.9,488.1,497.7,1608
1974-02-22,492,496.8,487.2,493.2,1089
1974-02-23,490.5,491.4,484.5,485.7,612
1974-02-24,486.6,492,483,487.2,744
1974-02-25,486,491.1,481.8,489.3,801
1974-02-26,489,494.4,487.5,488.4,900
1974-02-27,488.4,490.5,484.5,486.3,570
1974-02-28,486,488.4,484.5,486.3,237
1974-03-01,486.3,490.8,485.1,488.7,519
1974-03-02,487.5,492.9,484.2,488.7,855
1974-03-03,489.6,490.8,484.5,486.6,534
1974-03-04,484.5,491.4,481.2,490.5,1047
1974-03-05,491.4,505.2,491.4,504.9,1956
1974-03-06,511.5,513.9,506.1,512.7,2010
1974-03-07,510.9,511.5,504,508.8,1254
1974-03-08,507.3,512.4,504.3,504.9,825
1974-03-09,504,519.9,502.8,518.4,1683
1974-03-10,520.5,524.1,515.1,518.4,1263
1974-03-11,520.5,520.8,511.5,512.4,894
1974-03-12,510,513.6,504.6,507,1194
1974-03-13,507,511.8,504.9,504.9,825
1974-03-14,509.4,512.4,507.3,509.1,510
1974-03-15,507,508.5,498,500.1,1377
1974-03-16,496.5,501.9,496.2,501.3,714
1974-03-17,501.3,507,501.3,503.1,615
1974-03-18,503.1,503.1,498.6,501.3,303
1974-03-19,502.2,505.8,501,502.2,285
1974-03-20,501,515.1,497.7,514.2,1230
1974-03-21,514.5,519,508.2,511.2,1092
1974-03-22,511.2,512.4,506.1,511.2,504
1974-03-23,510.3,534,507.6,528.6,1161
1974-03-24,531,536.7,524.4,536.1,357
1974-03-25,528,535.8,526.2,527.1,237
1974-03-26,525,528,510.3,510.6,903
1974-03-27,512.1,525,509.1,519.6,468
1974-03-28,521.4,522.3,513.3,514.5,195
1974-03-29,519,520.2,511.8,517.2,207
1974-03-30,518.7,520.2,510.3,510.9,336
1974-03-31,511.5,515.4,509.4,513.6,216
1974-04-01,513,515.4,509.7,510.9,186
1974-04-02,510.6,510.6,502.8,503.1,492
1974-04-03,546.9,561.9,545.4,561.9,1146
1974-04-04,564,569.4,557.7,561,1905
1974-04-05,558.6,561.6,556.2,559.2,684
1974-04-06,564,566.7,560.1,562.8,864
1974-04-07,564.9,564.9,556.8,557.1,681
1974-04-08,555.9,561,552.9,560.4,936
1974-04-09,560.4,561.3,553.5,553.8,528
1974-04-10,553.5,557.1,551.4,553.8,738
1974-04-11,553.5,557.1,553.5,554.4,252
1974-04-12,556.5,567.9,555.6,562.5,1107
1974-04-13,561.6,568.5,561.3,565.8,987
1974-04-14,567,568.2,561.9,562.8,678
1974-04-15,561.9,567.6,558.3,567,1002
1974-04-16,567.6,576.9,564.3,575.4,1686
1974-04-17,576,579.6,572.7,576.9,1368
1974-04-18,576.9,577.5,571.2,571.8,945
1974-04-19,568.5,570.3,564,569.4,1176
1974-04-20,571.5,577.8,570.9,576,1107
1974-04-21,582,582.6,574.5,574.8,1434
1974-04-22,574.2,578.4,572.1,573.9,810
1974-04-23,570.9,573,567.6,569.1,957
1974-04-24,570,577.5,565.5,566.1,1119
1974-04-25,564.9,568.5,562.5,565.8,900
1974-04-26,565.5,568.5,562.5,566.4,375
1974-04-27,565.2,566.4,559.8,563.7,618
1974-04-28,562.5,564.3,560.4,560.7,315
1974-04-29,560.4,566.1,558.3,566.1,738
1974-04-30,564,567.6,561.6,563.4,543
1974-05-01,561.9,564.3,560.1,563.4,546
1974-05-02,561.6,565.5,558.9,563.4,456
1974-05-03,565.5,568.5,558.6,559.2,738
1974-05-04,557.7,558.9,554.7,555.3,285
1974-05-05,554.4,554.4,543.6,543.6,1074
1974-05-06,542.4,546,540,544.2,1074
1974-05-07,545.4,549,543.9,547.8,336
1974-05-08,549,549.6,546.6,547.8,195
1974-05-09,549.6,553.8,546.9,553.5,288
1974-05-10,556.5,563.1,553.8,559.5,450
1974-05-11,560.1,575.1,558,570.9,546
1974-05-12,573,581.1,568.5,579,549
1974-05-13,579,583.8,571.5,575.1,432
1974-05-14,573,586.5,573,584.1,477
1974-05-15,629.7,637.2,628.5,630.6,1722
1974-05-16,629.4,636,625.2,636,1098
1974-05-17,634.5,651,633.9,651,1584
1974-05-18,657,660.6,648.9,654.6,1521
1974-05-19,653.7,653.7,648.6,653.1,816
1974-05-20,651.6,652.5,646.5,647.1,1119
1974-05-21,649.2,662.1,649.2,662.1,1098
1974-05-22,677.1,677.1,676.8,677.1,849
1974-05-23,682.5,686.1,671.7,682.2,1617
1974-05-24,682.5,694.2,676.5,684,1827
1974-05-25,687,692.7,685.5,687.3,1083
1974-05-26,686.1,697.5,684,696.6,963
1974-05-27,697.5,711.6,693,710.7,1740
1974-05-28,714,722.1,710.4,721.8,1554
1974-05-29,730.5,736.8,726,736.8,1632
1974-05-30,744,744.9,721.8,721.8,2346
1974-05-31,722.1,735,709.8,712.5,2223
1974-06-01,711,722.4,704.4,720.6,1851
1974-06-02,718.8,727.5,708.3,716.1,1767
1974-06-03,717.6,722.1,712.5,716.7,861
1974-06-04,716.1,716.1,705,705.6,942
1974-06-05,705,711.3,698.4,707.1,1680
1974-06-06,708,720.3,703.5,712.5,1395
1974-06-07,710.4,715.5,705,705.6,942
1974-06-08,702,705.3,693.3,693.9,1326
1974-06-09,687.9,689.7,678.9,678.9,1485
1974-06-10,666,693.9,666,693.9,1419
1974-06-11,702.6,706.5,695.1,702.6,960
1974-06-12,699.9,708.3,694.5,703.5,1368
1974-06-13,700.5,704.1,693,695.1,831
1974-06-14,693,709.8,692.1,703.8,840
1974-06-15,703.8,706.5,692.4,692.7,498
1974-06-16,690.6,690.6,675.9,679.5,1278
1974-06-17,673.8,675,657,657,1044
1974-06-18,670.5,683.4,668.1,683.1,552
1974-06-19,683.1,693.6,681,681.6,747
1974-06-20,680.4,680.4,670.8,678.3,513
1974-06-21,679.5,693.9,676.5,691.8,648
1974-06-22,691.2,694.8,681.9,693.6,759
1974-06-23,689.4,693,679.5,680.4,1020
1974-06-24,639.6,639.9,630,635.1,2055
1974-06-25,634.2,642,633,638.7,1836
1974-06-26,636,637.5,623.7,623.7,1908
1974-06-27,610.5,614.4,608.7,608.7,2472
1974-06-28,603,615,603,609.3,1029
1974-06-29,610.8,613.5,594.3,597,1764
1974-06-30,591,600,586.2,590.4,2454
1974-07-01,592.2,596.1,589.5,591.9,1149
1974-07-02,592.2,606.9,592.2,606.9,897
1974-07-03,621.9,621.9,594,609,2226
1974-07-04,604.5,619.2,603.9,615.3,1680
1974-07-05,615,615,604.5,606.9,1137
1974-07-06,602.7,605.1,592.5,592.5,1458
1974-07-07,591.9,593.1,577.8,580.8,1986
1974-07-08,574.5,580.5,567,567.6,1860
1974-07-09,567.6,582.6,563.1,582.6,1746
1974-07-10,589.5,593.4,580.5,586.8,1374
1974-07-11,584.4,601.8,584.4,601.5,1395
1974-07-12,603.6,607.8,594.3,604.2,894
1974-07-13,604.8,611.4,600,604.8,804
1974-07-14,603.3,603.6,589.8,589.8,819
1974-07-15,576.6,582.9,574.8,576,1044
1974-07-16,579,587.1,576.6,580.5,978
1974-07-17,579.3,590.4,570.3,589.8,1185
1974-07-18,586.5,592.8,577.5,584.7,1095
1974-07-19,585.6,586.5,578.4,585.9,450
1974-07-20,588.9,590.4,576.3,577.5,957
1974-07-21,576.9,586.5,574.8,585,795
1974-07-22,582,588,574.8,576.3,747
1974-07-23,574.5,580.5,564.9,566.4,1086
1974-07-24,565.2,571.5,556.2,558.6,1059
1974-07-25,559.5,573.3,559.5,573.3,894
1974-07-26,573,583.2,573,582.9,963
1974-07-27,588,593.4,585.3,585.3,903
1974-07-28,582,587.4,563.7,565.8,762
1974-07-29,564,583.5,564,582.6,879
1974-07-30,583.5,589.5,575.4,582.3,588
1974-07-31,585,590.4,582,590.4,339
1974-08-01,590.4,596.7,590.4,593.7,402
1974-08-02,593.1,593.4,578.4,593.4,252
1974-08-03,592.5,593.7,585,589.8,468
1974-08-04,591.6,600.9,588,589.8,627
1974-08-05,587.7,606,584.7,602.1,831
1974-08-06,563.4,565.5,557.7,562.5,849
1974-08-07,561,567.9,557.4,561.6,1056
1974-08-08,558.6,567,558.6,566.1,780
1974-08-09,564,567.9,552,558.3,1902
1974-08-10,558.3,561.3,553.5,556.5,1053
1974-08-11,555.3,571.5,555,571.5,1296
1974-08-12,573,577.5,567,577.2,2145
1974-08-13,577.2,578.1,565.5,567,1254
1974-08-14,566.4,569.4,563.7,564,756
1974-08-15,564.9,576.9,564.9,576,1302
1974-08-16,576.9,584.4,573.9,583.8,1344
1974-08-17,584.4,585.6,578.1,580.2,1173
1974-08-18,578.1,582,575.1,575.4,975
1974-08-19,579.6,590.4,579,579.6,1146
1974-08-20,579.6,584.1,571.5,571.8,1317
1974-08-21,569.1,570,561.6,567,1722
1974-08-22,567,574.5,565.8,567.9,1191
1974-08-23,565.8,570.6,564.6,566.4,573
1974-08-24,566.4,573.9,563.7,573.3,855
1974-08-25,573.3,574.8,566.4,566.7,714
1974-08-26,564.9,573,563.1,570.9,414
1974-08-27,570,575.7,567,575.4,486
1974-08-28,576,582,571.2,571.5,1308
1974-08-29,571.8,584.1,569.4,572.7,1305
1974-08-30,573.6,582.9,573.6,581.7,843
1974-08-31,583.5,588,579,581.4,939
1974-09-01,580.5,587.4,579.6,587.4,531
1974-09-02,588,600.3,586.8,598.8,1236
1974-09-03,600,613.8,600,613.8,1062
1974-09-04,615,627,610.8,612.3,1962
1974-09-05,613.5,613.5,601.8,602.4,831
1974-09-06,602.7,610.5,600,604.5,756
1974-09-07,604.5,604.5,597,599.1,456
1974-09-08,598.5,601.8,597.6,599.1,150
1974-09-09,601.5,607.5,598.5,602.1,303
1974-09-10,601.5,604.2,597.3,602.4,204
1974-09-11,602.1,605.1,599.7,601.8,255
1974-09-12,603,603.3,591.6,597.6,432
1974-09-13,595.5,599.4,591.3,591.3,372
1974-09-14,591.3,594.3,586.5,589.2,339
1974-09-15,588.9,589.5,583.8,584.4,306
1974-09-16,583.8,583.8,578.4,579.6,339
1974-09-17,582,612.6,582,594,372
1974-09-18,598.2,616.5,598.2,612,594
1974-09-19,613.5,621,610.5,620.7,504
1974-09-20,629.1,630.6,619.2,619.2,1491
1974-09-21,613.5,618,610.2,611.1,1521
1974-09-22,616.5,621,615,615.3,1344
1974-09-23,616.5,621,615,617.1,753
1974-09-24,615,621.9,615,621,321
1974-09-25,621.6,636,621.6,636,1284
1974-09-26,639,639.6,627.6,630.9,1044
1974-09-27,631.5,634.2,628.2,632.1,360
1974-09-28,628.5,632.7,624.9,627,423
1974-09-29,627,634.2,625.5,627.9,804
1974-09-30,627,627.3,617.1,618.6,1446
1974-10-01,617.4,621,613.5,615.9,765
1974-10-02,615,617.1,612,613.5,840
1974-10-03,612.6,616.5,610.8,612.6,603
1974-10-04,616.5,621.6,615.9,616.2,801
1974-10-05,615.6,615.6,606.6,611.1,1758
1974-10-06,610.5,617.1,607.8,613.5,1194
1974-10-07,611.7,613.2,604.8,608.4,702
1974-10-08,604.5,604.5,593.4,593.4,1203
1974-10-09,588,592.5,585,590.4,708
1974-10-10,589.5,591.6,585.6,588,465
1974-10-11,585,588,582.6,584.4,513
1974-10-12,591.3,597.6,582.6,585.6,900
1974-10-13,588,589.5,585.3,587.1,261
1974-10-14,594,596.4,589.8,596.4,237
1974-10-15,601.2,605.4,597.3,602.1,603
1974-10-16,601.5,604.2,596.4,600,483
1974-10-17,599.1,602.1,595.5,601.8,222
1974-10-18,606,611.4,605.4,610.5,234
1974-10-19,610.8,615.9,610.5,614.1,654
1974-10-20,615,618.6,611.1,615,387
1974-10-21,618,641.4,616.5,639.9,777
1974-10-22,639.9,649.5,631.5,634.5,627
1974-10-23,631.8,636,626.7,629.4,129
1974-10-24,632.4,639,630.6,633,138
1974-10-25,636,638.1,624,624.3,180
1974-10-26,622.5,625.8,621,621,252
1974-10-27,622.8,633,621.9,632.7,303
1974-10-28,635.4,637.5,625.2,636.6,297
1974-10-29,668.7,669,659.4,663.3,1443
1974-10-30,663.6,678,663.6,677.4,1680
1974-10-31,679.5,688.5,670.8,672.9,996
1974-11-01,672,679.5,664.8,675,1224
1974-11-02,684,690,681,690,1635
1974-11-03,700.2,704.1,690.3,698.7,1878
1974-11-04,698.1,698.7,691.5,693.9,957
1974-11-05,694.8,697.5,689.4,691.8,789
1974-11-06,693,706.8,691.8,705.6,1236
1974-11-07,707.7,720.6,702,720.6,2160
1974-11-08,721.5,726,706.8,721.8,2124
1974-11-09,733.5,736.8,727.8,733.8,1611
1974-11-10,730.5,747.6,723.3,729.9,2205
1974-11-11,726.9,727.5,714.9,714.9,1887
1974-11-12,708.9,723,706.5,714.3,1518
1974-11-13,716.1,724.5,715.5,721.2,1296
1974-11-14,723.9,733.8,711,715.8,2184
1974-11-15,715.8,718.5,705.6,706.2,1389
1974-11-16,705,708.9,697.5,700.5,1434
1974-11-17,703.5,709.5,699.3,702.9,837
1974-11-18,703.5,707.4,695.4,697.2,1242
1974-11-19,694.5,695.4,685.5,688.5,1317
1974-11-20,687,702.6,685.2,697.8,1605
1974-11-21,700.8,705,688.8,689.4,1044
1974-11-22,693,704.4,691.8,704.4,987
1974-11-23,714,716.7,706.5,716.4,1095
1974-11-24,714,719.7,707.4,707.7,888
1974-11-25,707.1,707.1,699.9,700.2,747
1974-11-26,702.6,715.2,696.9,715.2,732
1974-11-27,712.5,724.2,709.2,715.5,774
1974-11-28,712.5,718.5,711.6,712.2,546
1974-11-29,710.4,715.5,709.2,712.2,294
1974-11-30,712.2,716.7,708.3,708.6,534
1974-12-01,708,730.5,705.3,727.5,1098
1974-12-02,732.6,732.6,717,721.2,492
1974-12-03,723,736.2,716.4,730.8,909
1974-12-04,742.5,760.8,742.5,757.5,555
1974-12-05,759,778.5,753,778.2,441
1974-12-06,775.5,780,765,780,414
1974-12-07,779.4,785.4,764.4,779.4,324
1974-12-08,789,825,787.5,817.5,327
1974-12-09,762.3,762.3,756,762.3,1491
1974-12-10,777,777.3,768.3,769.2,2130
1974-12-11,766.2,768.9,756.9,759.3,1560
1974-12-12,756.9,761.4,754.2,756.9,1101
1974-12-13,758.1,771.9,758.1,771.9,1173
1974-12-14,770.4,771,760.8,763.2,987
1974-12-15,761.1,762,751.5,753.9,1269
1974-12-16,752.4,758.7,749.4,754.8,1974
1974-12-17,753.6,755.7,740.1,740.7,2238
1974-12-18,738,742.5,731.4,732,1764
1974-12-19,732,740.7,732,739.8,1071
1974-12-20,737.4,737.4,732,733.2,744
1974-12-21,730.8,745.2,726.6,743.1,1914
1974-12-22,739.8,743.1,737.4,738.6,759
1974-12-23,735,745.5,732.6,742.8,1368
1974-12-24,742.8,744.9,738.6,742.8,582
1974-12-25,738.3,739.5,727.8,727.8,1407
1974-12-26,712.8,712.8,712.8,712.8,492
1974-12-27,706.5,727.8,703.8,727.8,2670
1974-12-28,730.5,734.4,725.1,731.7,1284
1974-12-29,730.5,734.4,725.7,726.9,360
1974-12-30,728.4,729.6,711.9,715.2,1119
1974-12-31,717,730.2,708.9,728.1,1827
1975-01-01,729,732.6,723.3,730.5,726
1975-01-02,730.5,733.5,723,729.9,570
1975-01-03,726.9,730.5,722.4,722.7,771
1975-01-04,720.6,729,715.5,715.8,1071
1975-01-05,711,730.8,710.4,730.8,1191
1975-01-06,730.8,731.1,717.6,726,1530
1975-01-07,723.9,727.5,719.1,719.1,507
1975-01-08,718.5,718.5,708.6,710.4,1113
1975-01-09,705,715.2,703.2,710.4,1110
1975-01-10,711,715.2,708,709.2,918
1975-01-11,709.2,710.4,694.5,697.5,1182
1975-01-12,700.5,704.1,688.5,703.2,882
1975-01-13,700.5,703.2,667.5,669.9,1068
1975-01-14,672,680.1,666.9,679.5,642
1975-01-15,685.5,696.6,685.2,695.4,270
1975-01-16,700.5,712.5,700.5,711.6,402
1975-01-17,711,717.3,711,714.6,114
1975-01-18,713.7,715.5,698.1,707.1,420
1975-01-19,704.1,725.1,702.6,723.9,321
1975-01-20,725.7,746.4,723,745.5,447
1975-01-21,744.6,748.5,726,746.1,249
1975-01-22,698.7,703.5,698.7,698.7,954
1975-01-23,685.5,691.2,685.5,688.5,1797
1975-01-24,691.2,696,690,691.2,918
1975-01-25,688.5,688.5,676.5,684.3,1746
1975-01-26,683.4,687.9,675,687.3,1260
1975-01-27,690.3,694.2,681.3,687.3,873
1975-01-28,687.3,693,684.9,688.5,777
1975-01-29,686.4,693.6,686.1,686.7,1167
1975-01-30,686.1,690.6,686.1,687.6,669
1975-01-31,687,688.8,681.6,684.6,1035
1975-02-01,685.5,697.5,683.4,695.4,1356
1975-02-02,695.4,696,685.5,687.9,1194
1975-02-03,688.5,699,688.5,689.7,1338
1975-02-04,685.5,688.8,682.8,684.9,864
1975-02-05,684,693,684,692.7,987
1975-02-06,696,707.4,693,706.8,2313
1975-02-07,705,710.4,702.3,706.8,1311
1975-02-08,705.6,709.5,699.3,699.6,1155
1975-02-09,701.4,704.4,696.6,698.7,1137
1975-02-10,706.5,713.7,706.5,713.7,1194
1975-02-11,720,724.8,716.4,721.5,1578
1975-02-12,721.5,723,717,719.4,678
1975-02-13,720,734.4,720,734.4,1380
1975-02-14,741.6,748.8,726.6,726.6,2349
1975-02-15,727.5,728.1,718.5,720.3,1008
1975-02-16,720,730.5,717,729.6,966
1975-02-17,730.5,731.1,714.6,714.6,1359
1975-02-18,712.5,720,709.5,713.7,930
1975-02-19,718.5,721.5,711.9,716.1,810
1975-02-20,715.5,716.4,710.4,714.9,429
1975-02-21,713.4,721.2,713.4,718.8,726
1975-02-22,715.5,715.8,709.8,712.2,654
1975-02-23,708.6,711,705,705,429
1975-02-24,702,705,690,704.7,1182
1975-02-25,702,703.5,694.5,696.3,690
1975-02-26,691.5,699,688.5,696.6,747
1975-02-27,699,702.6,695.4,699.9,588
1975-02-28,697.5,702,693,693,381
1975-03-01,690.6,693.3,675,675.6,600
1975-03-02,676.5,676.5,654.3,666.6,516
1975-03-03,664.5,673.5,654,657,156
1975-03-04,642,648,639.3,642,1170
1975-03-05,643.8,652.2,633.6,634.8,1596
1975-03-06,630,638.4,630,633,636
1975-03-07,633,636.6,628.5,635.1,342
1975-03-08,636.9,644.4,636.9,643.5,843
1975-03-09,642,644.1,628.5,628.5,1299
1975-03-10,628.5,633.9,622.8,624.9,903
1975-03-11,624.9,633.9,624.9,633.3,774
1975-03-12,636.6,642,636.6,640.5,1065
1975-03-13,642,649.2,641.1,648.6,1512
1975-03-14,646.5,652.2,642.9,649.5,1485
1975-03-15,647.4,649.5,640.5,641.7,1047
1975-03-16,641.4,654.6,639.6,651.6,1395
1975-03-17,653.4,657.3,650.1,650.7,1095
1975-03-18,654,656.4,652.8,656.1,753
1975-03-19,658.5,668.7,658.5,662.7,1689
1975-03-20,664.5,665.1,657,664.2,855
1975-03-21,663,664.8,661.2,664.2,381
1975-03-22,663,663,649.2,649.2,1167
1975-03-23,646.8,651.6,639.3,645.6,1245
1975-03-24,645,652.5,644.4,645,1038
1975-03-25,647.1,650.7,646.5,647.1,456
1975-03-26,648.9,662.1,648.9,662.1,1224
1975-03-27,660.6,674.1,657.9,672.6,1719
1975-03-28,676.5,681.9,665.1,665.4,1566
1975-03-29,666.9,669,662.4,666,831
1975-03-30,669.3,673.2,662.1,666,732
1975-03-31,667.8,678,667.8,676.8,924
1975-04-01,681.6,689.4,678,687.9,1581
1975-04-02,696,702.9,694.5,697.2,1269
1975-04-03,702.9,711,701.4,710.7,1260
1975-04-04,715.5,721.5,709.5,717.6,1455
1975-04-05,724.5,732.6,724.5,732.6,951
1975-04-06,740.4,746.7,723,736.2,1344
1975-04-07,735.9,736.2,729.6,730.8,708
1975-04-08,731.1,735.3,729.9,729.9,432
1975-04-09,735,756.3,735,756.3,741
1975-04-10,757.8,759,747.6,750.6,321
1975-04-11,749.4,765.9,742.8,751.5,822
1975-04-12,750.6,757.5,746.7,757.2,141
1975-04-13,750.3,756,750.3,756,141
1975-04-14,756,756,746.1,750,402
1975-04-15,747.3,756.6,744,754.5,423
1975-04-16,666.9,671.4,664.8,667.2,561
1975-04-17,668.4,669.6,662.4,663.6,384
1975-04-18,663.6,670.2,659.7,669.3,915
1975-04-19,673.5,679.5,670.5,678.9,966
1975-04-20,683.4,683.7,663.9,663.9,1341
1975-04-21,662.4,662.4,649.8,650.4,1923
1975-04-22,651.6,655.5,649.2,653.1,783
1975-04-23,651.6,651.6,644.4,648.3,1188
1975-04-24,648.3,653.7,648.3,651.6,576
1975-04-25,648.6,649.5,636.6,636.6,1419
1975-04-26,637.8,642.9,635.1,639,1290
1975-04-27,639,652.5,637.5,645,1257
1975-04-28,645.6,648,640.5,643.2,750
1975-04-29,642,644.7,631.5,641.1,1248
1975-04-30,642.3,644.7,640.5,641.1,876
1975-05-01,642.6,643.8,637.8,641.4,726
1975-05-02,643.8,651,643.8,648.6,1134
1975-05-03,646.5,653.1,645,645.9,999
1975-05-04,645,647.1,641.4,643.5,516
1975-05-05,642.9,648.6,640.2,645.6,990
1975-05-06,648.6,651.9,646.8,651.3,669
1975-05-07,651,651.6,643.8,643.8,924
1975-05-08,642.9,646.2,638.4,639.3,873
1975-05-09,639.3,644.1,636.6,640.2,429
1975-05-10,642.6,645,638.7,639.6,519
1975-05-11,641.1,644.4,639.3,641.1,795
1975-05-12,641.1,643.2,637.8,642.6,534
1975-05-13,643.5,652.5,641.1,651.9,999
1975-05-14,664.5,664.5,655.5,659.1,1155
1975-05-15,664.5,668.7,656.1,660,1008
1975-05-16,662.7,675,662.7,675,636
1975-05-17,684,689.4,678.3,682.2,1125
1975-05-18,685.5,687.9,679.8,684.9,492
1975-05-19,682.5,685.5,679.8,684.9,414
1975-05-20,684,684,680.4,682.2,471
1975-05-21,683.4,686.4,680.1,681.6,246
1975-05-22,681.6,687.6,677.7,687,327
1975-05-23,690,716.4,690,715.2,813
1975-05-24,720,722.4,710.7,714,498
1975-05-25,712.5,717,703.8,714,300
1975-05-26,710.7,715.5,703.8,711.9,318
1975-05-27,717,720,711,718.8,309
1975-05-28,720,723,711.3,712.8,204
1975-05-29,706.8,713.7,703.8,713.1,900
1975-05-30,713.1,715.5,707.1,707.4,882
1975-05-31,705,721.8,704.1,719.1,1257
1975-06-01,717.6,732.9,714.6,732.6,1641
1975-06-02,735.6,741.6,731.7,734.7,1098
1975-06-03,738.6,742.5,730.5,735.9,921
1975-06-04,735.6,736.8,728.4,729.3,1002
1975-06-05,729,736.2,727.8,733.2,684
1975-06-06,744,755.1,741,755.1,1338
1975-06-07,756,764.4,753.9,761.7,1332
1975-06-08,759.6,760.5,746.7,746.7,1368
1975-06-09,741.6,743.4,732.3,741.3,1851
1975-06-10,739.5,743.4,729,729.3,1518
1975-06-11,729.6,732.9,724.5,731.4,1182
1975-06-12,732,735.3,716.4,716.4,1842
1975-06-13,717,722.1,714,714.6,855
1975-06-14,714.6,721.5,714.6,716.4,510
1975-06-15,718.5,731.1,718.5,729.6,1113
1975-06-16,733.5,744.6,732.3,744.3,1041
1975-06-17,748.5,752.1,737.1,744,1059
1975-06-18,744,759,743.1,759,873
1975-06-19,774,774,774,774,423
1975-06-20,789,789,780,789,1623
1975-06-21,795,801.6,788.1,791.4,1275
1975-06-22,788.1,806.4,785.4,806.4,1188
1975-06-23,810,820.2,800.4,812.1,1434
1975-06-24,812.1,818.1,807.6,815.7,507
1975-06-25,811.5,818.4,810,816.6,288
1975-06-26,816,831.6,811.5,831.6,1014
1975-06-27,846,846,834.6,844.5,936
1975-06-28,840,854.1,838.5,852.3,426
1975-06-29,854.1,895.5,854.1,891.9,879
1975-06-30,894.9,904.5,873,877.5,528
1975-07-01,887.7,891,878.1,885,240
1975-07-02,885.9,905.7,885.9,901.2,411
1975-07-03,904.5,925.5,904.5,924,576
1975-07-04,924.3,953.7,924.3,950.4,375
1975-07-05,958.5,960,912,912,429
1975-07-06,912,928.5,901.5,921.3,252
1975-07-07,927.9,948,925.5,946.5,255
1975-07-08,955.2,985.2,953.7,980.1,204
1975-07-09,864,875.1,858,875.1,1449
1975-07-10,872.1,880.2,860.1,861.3,2079
1975-07-11,856.5,858.6,846.3,846.6,1503
1975-07-12,841.5,849,834,834.6,2064
1975-07-13,843,843.9,828.9,835.5,1938
1975-07-14,850.5,850.5,844.5,850.5,1032
1975-07-15,865.5,865.5,865.5,865.5,384
1975-07-16,880.5,880.5,880.5,880.5,195
1975-07-17,895.5,895.5,895.5,895.5,180
1975-07-18,910.5,910.5,910.5,910.5,183
1975-07-19,925.5,925.5,925.5,925.5,93
1975-07-20,940.5,940.5,940.5,940.5,54
1975-07-21,955.5,955.5,955.5,955.5,36
1975-07-22,985.5,985.5,985.5,985.5,36
1975-07-23,1015.5,1015.5,1015.5,1015.5,777
1975-07-24,1035,1060.5,972,1060.5,2328
1975-07-25,1068,1090.5,1068,1090.5,915
1975-07-26,1120.5,1120.5,1120.5,1120.5,168
1975-07-27,1165.5,1165.5,1165.5,1165.5,405
1975-07-28,1171.5,1192.2,1149,1187.1,1395
1975-07-29,1202.1,1202.1,1202.1,1202.1,141
1975-07-30,1217.1,1217.1,1217.1,1217.1,12
1975-07-31,1247.1,1247.1,1247.1,1247.1,309
1975-08-01,1266,1277.1,1252.5,1277.1,1518
1975-08-02,1290,1322.1,1290,1322.1,1446
1975-08-03,1342.5,1343.1,1298.1,1309.2,1023
1975-08-04,1307.1,1339.2,1303.5,1335.6,1110
1975-08-05,1329,1332,1305.6,1309.5,732
1975-08-06,1292.1,1322.4,1276.5,1322.4,708
1975-08-07,1323,1372.5,1323,1363.2,648
1975-08-08,1363.2,1365.6,1320,1335,369
1975-08-09,1323.3,1358.7,1314,1347,579
1975-08-10,1350,1371,1347.3,1364.7,351
1975-08-11,1368,1425,1362,1425,987
1975-08-12,1452,1478.7,1431,1477.2,792
1975-08-13,1464,1477.5,1437.9,1447.5,627
1975-08-14,1453.5,1463.7,1437,1440.6,900
1975-08-15,1413,1431,1395,1426.8,468
1975-08-16,1426.8,1470,1422,1465.5,555
1975-08-17,1466.7,1480.5,1371,1454.4,576
1975-08-18,1362,1365,1344.6,1344.6,327
1975-08-19,1314.6,1314.6,1314.6,1314.6,378
1975-08-20,1269.6,1359.6,1269.6,1330.5,1800
1975-08-21,1344,1347,1311,1312.5,882
1975-08-22,1300.5,1315.5,1282.8,1283.7,921
1975-08-23,1287,1301.4,1272,1273.5,858
1975-08-24,1273.5,1288.5,1263,1263.3,1011
1975-08-25,1261.5,1261.5,1233.3,1233.3,633
1975-08-26,1209,1254,1203.3,1228.5,1701
1975-08-27,1228.5,1249.5,1212,1236,672
1975-08-28,1228.5,1251,1222.2,1227,591
1975-08-29,1209,1209,1197,1197,465
1975-08-30,1167,1167,1167,1167,132
1975-08-31,1137.3,1177.5,1137,1159.5,1530
1975-09-01,1173,1189.5,1161,1172.1,741
1975-09-02,1157.1,1157.7,1142.1,1142.1,264
1975-09-03,1112.1,1112.1,1112.1,1112.1,114
1975-09-04,1092,1097.1,1067.1,1071.3,1581
1975-09-05,1052.1,1069.5,1047,1060.5,954
1975-09-06,1065,1072.5,1030.5,1050,1419
1975-09-07,1033.5,1053,1029.9,1035.9,996
1975-09-08,1035,1065.9,1035,1065.9,909
1975-09-09,1089,1095.9,1089,1095.9,387
1975-09-10,1110,1125.9,1101.6,1110.6,756
1975-09-11,1080.6,1094.7,1080.6,1080.6,582
1975-09-12,1065,1069.5,1050.6,1050.6,585
1975-09-13,1035,1044,1006.5,1008,1026
1975-09-14,1017,1038,1006.5,1038,888
1975-09-15,1029,1037.7,1008,1008.3,603
1975-09-16,1005,1005,987.6,993.9,543
1975-09-17,969,984,963.9,963.9,927
1975-09-18,951,966,944.4,953.4,723
1975-09-19,952.5,983.4,951,983.4,966
1975-09-20,982.5,998.7,972,978,321
1975-09-21,972,972,930,930.3,552
1975-09-22,900,912,864.3,884.4,843
1975-09-23,866.4,873,846.6,847.2,387
1975-09-24,846,848.4,832.2,832.5,348
1975-09-25,825,832.5,805.8,805.8,153
1975-09-26,783,792,774,774.3,204
1975-09-27,765,774,747,763.5,231
1975-09-28,744,748.5,726,730.5,249
1975-09-29,723,728.7,702,709.5,393
1975-09-30,823.5,846,811.2,846,1071
1975-10-01,864,876,852.6,876,1578
1975-10-02,903,907.5,867,868.5,1854
1975-10-03,871.5,877.5,852,861,1359
1975-10-04,861,866.4,831,831,1200
1975-10-05,823.5,828,810.9,814.5,978
1975-10-06,813,827.7,807,807,1047
1975-10-07,809.1,809.1,790.5,793.8,1128
1975-10-08,789,823.8,787.8,808.5,1284
1975-10-09,805.5,807,796.5,798,519
1975-10-10,802.5,821.4,801,809.4,462
1975-10-11,810,839.4,810,839.4,1167
1975-10-12,838.5,869.4,832.5,850.5,1725
1975-10-13,852.6,855,841.5,843,1248
1975-10-14,840,841.5,813,814.5,1146
1975-10-15,802.5,804,795,795.3,1266
1975-10-16,799.5,825.3,799.5,825.3,993
1975-10-17,828.3,855,815.1,817.5,1647
1975-10-18,817.5,832.5,813,826.5,918
1975-10-19,825,856.5,825,852,1386
1975-10-20,854.7,863.7,837.6,849.9,1137
1975-10-21,825,832.5,819.9,819.9,1008
1975-10-22,826.5,839.1,805.5,827.1,1662
1975-10-23,823.5,831,810.3,824.4,693
1975-10-24,824.7,824.7,807,807.3,558
1975-10-25,806.4,806.4,792.3,800.7,1053
1975-10-26,796.5,801,776.7,777.6,1209
1975-10-27,772.5,772.5,748.5,748.5,1077
1975-10-28,739.5,744,729,729.3,819
1975-10-29,726,741,714.3,716.4,777
1975-10-30,718.5,718.5,686.4,686.4,1140
1975-10-31,669,711,669,691.5,1122
1975-11-01,723,733.5,681.6,681.6,828
1975-11-02,681.6,696,681.6,684.3,213
1975-11-03,678,700.8,678,697.5,402
1975-11-04,699,713.4,697.5,710.7,879
1975-11-05,712.2,714,696.3,696.9,432
1975-11-06,696.3,700.2,685.5,690.3,327
1975-11-07,682.5,696.3,682.5,692.1,216
1975-11-08,696,705,690,690,315
1975-11-09,687,696,682.5,684.9,702
1975-11-10,687,707.4,687,698.7,561
1975-11-11,780,786,763.5,775.2,1056
1975-11-12,780,804,780,782.1,1032
1975-11-13,795,798,769.5,787.5,1023
1975-11-14,792,794.4,779.1,787.5,597
1975-11-15,795,809.7,789,806.7,1350
1975-11-16,805.5,836.7,805.2,836.7,1335
1975-11-17,859.5,866.7,849,866.7,1260
1975-11-18,866.7,877.5,841.5,845.1,1575
1975-11-19,857.4,872.4,836.4,872.4,1641
1975-11-20,875.4,888,844.5,846,1230
1975-11-21,849.3,859.5,840.6,847.5,834
1975-11-22,863.4,870,856.5,864.6,582
1975-11-23,866.4,894.6,866.4,894.6,693
1975-11-24,921.6,924.6,897,899.1,1449
1975-11-25,904.5,919.5,892.5,915,915
1975-11-26,915,923.4,885,885,1161
1975-11-27,882,882,858,863.4,729
1975-11-28,863.4,867,843.9,849.9,891
1975-11-29,847.5,862.5,819.9,820.5,1260
1975-11-30,820.8,828,808.5,815.4,987
1975-12-01,820.8,825.6,798,799.2,669
1975-12-02,799.5,817.2,789,812.7,900
1975-12-03,808.2,808.2,783.6,785.4,894
1975-12-04,781.5,788.4,770.7,776.4,780
1975-12-05,778.2,792,774.6,782.1,429
1975-12-06,778.5,805.2,776.4,803.1,495
1975-12-07,801,801,780.3,786,669
1975-12-08,786.9,816,786,813.9,888
1975-12-09,834,843.9,831,843.9,789
1975-12-10,873.9,873.9,873.9,873.9,243
1975-12-11,918.9,918.9,894,916.8,1155
1975-12-12,930,946.8,886.8,892.5,711
1975-12-13,897,909,870,874.5,621
1975-12-14,861,865.5,846,855,225
1975-12-15,861,887.1,861,881.7,258
1975-12-16,879,927,870.3,905.1,327
1975-12-17,912,930,907.5,926.7,600
1975-12-18,929.4,986.7,927,986.7,471
1975-12-19,983.7,987.3,961.5,977.4,117
1975-12-20,975,975,942,954,186
1975-12-21,933,948,900,930,210
1975-12-22,931.5,953.1,924.6,925.8,228
1975-12-23,924,932.4,913.5,920.1,891
1975-12-24,922.5,950.1,922.5,950.1,750
1975-12-25,980.1,980.1,971.1,980.1,1083
1975-12-26,1008,1008,945,974.1,1767
1975-12-27,973.8,973.8,944.1,944.1,915
1975-12-28,952.2,974.1,952.2,974.1,1134
1975-12-29,986.1,1004.1,976.5,1004.1,1449
1975-12-30,999,1031.1,978,1025.1,1635
1975-12-31,1014,1028.1,995.1,995.1,1323
1976-01-01,969,977.7,965.1,965.1,1293
1976-01-02,967.5,967.5,937.5,942,1317
1976-01-03,945,954.6,933.6,936.6,1125
1976-01-04,925.5,947.1,925.5,928.5,537
1976-01-05,937.5,954,934.5,936,1041
1976-01-06,924,930,906,906,1290
1976-01-07,883.5,898.5,883.5,894.9,1839
1976-01-08,891,924.9,888,922.5,1674
1976-01-09,924,941.7,903,921.6,1377
1976-01-10,924,947.4,922.5,941.7,1314